/* ==========================================================================
   FASE 1: ESTRUCTURA BASE Y POBLACIÓN INICIAL (CORREGIDO V2)
   
   Correcciones incluidas:
   1. SECCIÓN DE LIMPIEZA: Se eliminan datos previos para evitar errores de 
      "Primary Key Violation" (PK) y duplicados.
   2. AJUSTE DE LONGITUD: Se acortaron los nombres de 'NOMBRE_PERIODO' para 
      evitar el error "String or binary data would be truncated".
   ========================================================================== */

USE fmerino_GestionUniversitaria; 
GO

SET NOCOUNT ON;

PRINT '>>> INICIANDO FASE 1 (V2 - CON LIMPIEZA PREVIA)...';

/* ==========================================================================
   SECCIÓN 0: LIMPIEZA DE DATOS (RESET)
   Borramos en orden inverso a las dependencias para evitar errores de FK.
   ========================================================================== */
PRINT '0. Limpiando datos de ejecuciones anteriores...';

-- 0.1 Romper referencias circulares (Facultad -> Docente)
-- Si no hacemos esto, no podemos borrar los docentes.
UPDATE FACULTAD SET ID_DOCENTE = NULL;

-- 0.2 Borrar tablas dependientes (Hijos)
DELETE FROM ESTUDIANTE;
DELETE FROM ASIGNATURA; -- Asumimos que no hay Prerrequisitos cargados aun, si los hay, borrar esa tabla antes
DELETE FROM CARRERA;    -- Carrera depende de Facultad y Docente
DELETE FROM PERIODO_ACADEMICO;
DELETE FROM DEPARTAMENTO;

-- 0.3 Borrar tablas principales (Padres)
DELETE FROM DOCENTE;    -- Ahora sí podemos borrar docentes (ya no hay decanos apuntándolos)
DELETE FROM FACULTAD;

PRINT '   > Limpieza completada. Tablas listas.';

/* ==========================================================================
   SECCIÓN 1: INSERCIÓN DE DATOS
   ========================================================================== */

/* --------------------------------------------------------------------------
   1. FACULTADES (8 Registros)
   -------------------------------------------------------------------------- */
PRINT '1. Insertando Facultades...';
INSERT INTO FACULTAD (ID_FACULTAD, NOMBRE_FACULTAD, NUMERO_EDIFICIO) VALUES (1, 'Facultad de Ingeniería de Sistemas', 101);
INSERT INTO FACULTAD (ID_FACULTAD, NOMBRE_FACULTAD, NUMERO_EDIFICIO) VALUES (2, 'Facultad de Ciencias Administrativas', 201);
INSERT INTO FACULTAD (ID_FACULTAD, NOMBRE_FACULTAD, NUMERO_EDIFICIO) VALUES (3, 'Facultad de Ingeniería Civil', 102);
INSERT INTO FACULTAD (ID_FACULTAD, NOMBRE_FACULTAD, NUMERO_EDIFICIO) VALUES (4, 'Facultad de Ingeniería Eléctrica', 103);
INSERT INTO FACULTAD (ID_FACULTAD, NOMBRE_FACULTAD, NUMERO_EDIFICIO) VALUES (5, 'Facultad de Ingeniería Mecánica', 104);
INSERT INTO FACULTAD (ID_FACULTAD, NOMBRE_FACULTAD, NUMERO_EDIFICIO) VALUES (6, 'Facultad de Ingeniería Química', 105);
INSERT INTO FACULTAD (ID_FACULTAD, NOMBRE_FACULTAD, NUMERO_EDIFICIO) VALUES (7, 'Facultad de Ciencias Exactas', 301);
INSERT INTO FACULTAD (ID_FACULTAD, NOMBRE_FACULTAD, NUMERO_EDIFICIO) VALUES (8, 'Facultad de Geología y Petróleos', 106);

/* --------------------------------------------------------------------------
   2. DEPARTAMENTOS (15 Registros)
   -------------------------------------------------------------------------- */
PRINT '2. Insertando Departamentos...';
INSERT INTO DEPARTAMENTO (ID_DEPARTAMENTO, ID_FACULTAD, NOMBRE_DEPARTAMENTO) VALUES (1, 1, 'Dept. Ingeniería de Software');
INSERT INTO DEPARTAMENTO (ID_DEPARTAMENTO, ID_FACULTAD, NOMBRE_DEPARTAMENTO) VALUES (2, 1, 'Dept. Computación e IA');
INSERT INTO DEPARTAMENTO (ID_DEPARTAMENTO, ID_FACULTAD, NOMBRE_DEPARTAMENTO) VALUES (3, 2, 'Dept. Finanzas y Economía');
INSERT INTO DEPARTAMENTO (ID_DEPARTAMENTO, ID_FACULTAD, NOMBRE_DEPARTAMENTO) VALUES (4, 2, 'Dept. Marketing y Gestión');
INSERT INTO DEPARTAMENTO (ID_DEPARTAMENTO, ID_FACULTAD, NOMBRE_DEPARTAMENTO) VALUES (5, 3, 'Dept. Estructuras');
INSERT INTO DEPARTAMENTO (ID_DEPARTAMENTO, ID_FACULTAD, NOMBRE_DEPARTAMENTO) VALUES (6, 3, 'Dept. Hidráulica');
INSERT INTO DEPARTAMENTO (ID_DEPARTAMENTO, ID_FACULTAD, NOMBRE_DEPARTAMENTO) VALUES (7, 4, 'Dept. Potencia');
INSERT INTO DEPARTAMENTO (ID_DEPARTAMENTO, ID_FACULTAD, NOMBRE_DEPARTAMENTO) VALUES (8, 4, 'Dept. Automatización y Control');
INSERT INTO DEPARTAMENTO (ID_DEPARTAMENTO, ID_FACULTAD, NOMBRE_DEPARTAMENTO) VALUES (9, 5, 'Dept. Diseño Mecánico');
INSERT INTO DEPARTAMENTO (ID_DEPARTAMENTO, ID_FACULTAD, NOMBRE_DEPARTAMENTO) VALUES (10, 5, 'Dept. Materiales');
INSERT INTO DEPARTAMENTO (ID_DEPARTAMENTO, ID_FACULTAD, NOMBRE_DEPARTAMENTO) VALUES (11, 6, 'Dept. Procesos Químicos');
INSERT INTO DEPARTAMENTO (ID_DEPARTAMENTO, ID_FACULTAD, NOMBRE_DEPARTAMENTO) VALUES (12, 7, 'Dept. Matemáticas');
INSERT INTO DEPARTAMENTO (ID_DEPARTAMENTO, ID_FACULTAD, NOMBRE_DEPARTAMENTO) VALUES (13, 7, 'Dept. Física');
INSERT INTO DEPARTAMENTO (ID_DEPARTAMENTO, ID_FACULTAD, NOMBRE_DEPARTAMENTO) VALUES (14, 8, 'Dept. Geología');
INSERT INTO DEPARTAMENTO (ID_DEPARTAMENTO, ID_FACULTAD, NOMBRE_DEPARTAMENTO) VALUES (15, 8, 'Dept. Petróleos');

/* --------------------------------------------------------------------------
   3. DOCENTES (25 Registros Clave)
   -------------------------------------------------------------------------- */
PRINT '3. Insertando Docentes (25 iniciales)...';

-- Decanos
INSERT INTO DOCENTE (ID_DOCENTE, ID_FACULTAD, NUMERO_UNICO, CEDULA, NOMBRES_DOCENTE, APELLIDOS_DOCENTE, EMAIL_INSTITUCIONAL, TIPO_PROFESOR, CATEGORIA_DOCENTE, FECHA_INGRESO)
VALUES (1, 1, 'DOC001', '1700000001', 'Juan Carlos', 'Pérez López', 'juan.perez@epn.edu.ec', 'TIEMPO_COMPLETO', 'TITULAR', '2010-01-15');
INSERT INTO DOCENTE (ID_DOCENTE, ID_FACULTAD, NUMERO_UNICO, CEDULA, NOMBRES_DOCENTE, APELLIDOS_DOCENTE, EMAIL_INSTITUCIONAL, TIPO_PROFESOR, CATEGORIA_DOCENTE, FECHA_INGRESO)
VALUES (2, 2, 'DOC002', '1700000002', 'María Fernanda', 'Gómez Ruiz', 'maria.gomez@epn.edu.ec', 'TIEMPO_COMPLETO', 'TITULAR', '2012-03-20');
INSERT INTO DOCENTE (ID_DOCENTE, ID_FACULTAD, NUMERO_UNICO, CEDULA, NOMBRES_DOCENTE, APELLIDOS_DOCENTE, EMAIL_INSTITUCIONAL, TIPO_PROFESOR, CATEGORIA_DOCENTE, FECHA_INGRESO)
VALUES (3, 3, 'DOC003', '1700000003', 'Roberto', 'Díaz Minda', 'roberto.diaz@epn.edu.ec', 'TIEMPO_COMPLETO', 'AGREGADO', '2015-05-10');
INSERT INTO DOCENTE (ID_DOCENTE, ID_FACULTAD, NUMERO_UNICO, CEDULA, NOMBRES_DOCENTE, APELLIDOS_DOCENTE, EMAIL_INSTITUCIONAL, TIPO_PROFESOR, CATEGORIA_DOCENTE, FECHA_INGRESO)
VALUES (4, 4, 'DOC004', '1700000004', 'Elena', 'Vargas Torres', 'elena.vargas@epn.edu.ec', 'TIEMPO_COMPLETO', 'TITULAR', '2008-09-01');
INSERT INTO DOCENTE (ID_DOCENTE, ID_FACULTAD, NUMERO_UNICO, CEDULA, NOMBRES_DOCENTE, APELLIDOS_DOCENTE, EMAIL_INSTITUCIONAL, TIPO_PROFESOR, CATEGORIA_DOCENTE, FECHA_INGRESO)
VALUES (5, 5, 'DOC005', '1700000005', 'Carlos', 'Andrade Silva', 'carlos.andrade@epn.edu.ec', 'TIEMPO_COMPLETO', 'AGREGADO', '2016-02-15');
INSERT INTO DOCENTE (ID_DOCENTE, ID_FACULTAD, NUMERO_UNICO, CEDULA, NOMBRES_DOCENTE, APELLIDOS_DOCENTE, EMAIL_INSTITUCIONAL, TIPO_PROFESOR, CATEGORIA_DOCENTE, FECHA_INGRESO)
VALUES (6, 6, 'DOC006', '1700000006', 'Lucía', 'Mendez Orozco', 'lucia.mendez@epn.edu.ec', 'TIEMPO_COMPLETO', 'TITULAR', '2011-07-20');
INSERT INTO DOCENTE (ID_DOCENTE, ID_FACULTAD, NUMERO_UNICO, CEDULA, NOMBRES_DOCENTE, APELLIDOS_DOCENTE, EMAIL_INSTITUCIONAL, TIPO_PROFESOR, CATEGORIA_DOCENTE, FECHA_INGRESO)
VALUES (7, 7, 'DOC007', '1700000007', 'Jorge', 'Salazar Cruz', 'jorge.salazar@epn.edu.ec', 'TIEMPO_COMPLETO', 'TITULAR', '2005-01-10');
INSERT INTO DOCENTE (ID_DOCENTE, ID_FACULTAD, NUMERO_UNICO, CEDULA, NOMBRES_DOCENTE, APELLIDOS_DOCENTE, EMAIL_INSTITUCIONAL, TIPO_PROFESOR, CATEGORIA_DOCENTE, FECHA_INGRESO)
VALUES (8, 8, 'DOC008', '1700000008', 'Patricia', 'Noboa Lara', 'patricia.noboa@epn.edu.ec', 'TIEMPO_COMPLETO', 'AGREGADO', '2014-11-01');

-- Coordinadores
INSERT INTO DOCENTE (ID_DOCENTE, ID_FACULTAD, NUMERO_UNICO, CEDULA, NOMBRES_DOCENTE, APELLIDOS_DOCENTE, EMAIL_INSTITUCIONAL, TIPO_PROFESOR, CATEGORIA_DOCENTE, FECHA_INGRESO)
VALUES (9, 1, 'DOC009', '1700000009', 'Esteban', 'Ruiz Cárdenas', 'esteban.ruiz@epn.edu.ec', 'TIEMPO_COMPLETO', 'AGREGADO', '2018-01-15');
INSERT INTO DOCENTE (ID_DOCENTE, ID_FACULTAD, NUMERO_UNICO, CEDULA, NOMBRES_DOCENTE, APELLIDOS_DOCENTE, EMAIL_INSTITUCIONAL, TIPO_PROFESOR, CATEGORIA_DOCENTE, FECHA_INGRESO)
VALUES (10, 2, 'DOC010', '1700000010', 'Sofia', 'López Arcos', 'sofia.lopez@epn.edu.ec', 'TIEMPO_COMPLETO', 'AUXILIAR', '2020-03-01');
INSERT INTO DOCENTE (ID_DOCENTE, ID_FACULTAD, NUMERO_UNICO, CEDULA, NOMBRES_DOCENTE, APELLIDOS_DOCENTE, EMAIL_INSTITUCIONAL, TIPO_PROFESOR, CATEGORIA_DOCENTE, FECHA_INGRESO)
VALUES (11, 3, 'DOC011', '1700000011', 'Fernando', 'Castro Pinta', 'fernando.castro@epn.edu.ec', 'MEDIO_TIEMPO', 'AGREGADO', '2017-06-15');
INSERT INTO DOCENTE (ID_DOCENTE, ID_FACULTAD, NUMERO_UNICO, CEDULA, NOMBRES_DOCENTE, APELLIDOS_DOCENTE, EMAIL_INSTITUCIONAL, TIPO_PROFESOR, CATEGORIA_DOCENTE, FECHA_INGRESO)
VALUES (12, 4, 'DOC012', '1700000012', 'Mónica', 'Vega Jaramillo', 'monica.vega@epn.edu.ec', 'TIEMPO_COMPLETO', 'AUXILIAR', '2019-09-01');
INSERT INTO DOCENTE (ID_DOCENTE, ID_FACULTAD, NUMERO_UNICO, CEDULA, NOMBRES_DOCENTE, APELLIDOS_DOCENTE, EMAIL_INSTITUCIONAL, TIPO_PROFESOR, CATEGORIA_DOCENTE, FECHA_INGRESO)
VALUES (13, 5, 'DOC013', '1700000013', 'Andrés', 'Paredes Zurita', 'andres.paredes@epn.edu.ec', 'TIEMPO_COMPLETO', 'AGREGADO', '2015-04-20');
INSERT INTO DOCENTE (ID_DOCENTE, ID_FACULTAD, NUMERO_UNICO, CEDULA, NOMBRES_DOCENTE, APELLIDOS_DOCENTE, EMAIL_INSTITUCIONAL, TIPO_PROFESOR, CATEGORIA_DOCENTE, FECHA_INGRESO)
VALUES (14, 6, 'DOC014', '1700000014', 'Gabriela', 'Tobar Vaca', 'gabriela.tobar@epn.edu.ec', 'MEDIO_TIEMPO', 'AUXILIAR', '2021-01-10');
INSERT INTO DOCENTE (ID_DOCENTE, ID_FACULTAD, NUMERO_UNICO, CEDULA, NOMBRES_DOCENTE, APELLIDOS_DOCENTE, EMAIL_INSTITUCIONAL, TIPO_PROFESOR, CATEGORIA_DOCENTE, FECHA_INGRESO)
VALUES (15, 7, 'DOC015', '1700000015', 'Ricardo', 'Mora Yépez', 'ricardo.mora@epn.edu.ec', 'TIEMPO_COMPLETO', 'TITULAR', '2009-08-15');
INSERT INTO DOCENTE (ID_DOCENTE, ID_FACULTAD, NUMERO_UNICO, CEDULA, NOMBRES_DOCENTE, APELLIDOS_DOCENTE, EMAIL_INSTITUCIONAL, TIPO_PROFESOR, CATEGORIA_DOCENTE, FECHA_INGRESO)
VALUES (16, 8, 'DOC016', '1700000016', 'Diana', 'Correa Solís', 'diana.correa@epn.edu.ec', 'TIEMPO_COMPLETO', 'AGREGADO', '2016-10-01');

-- Otros Docentes
INSERT INTO DOCENTE (ID_DOCENTE, ID_FACULTAD, NUMERO_UNICO, CEDULA, NOMBRES_DOCENTE, APELLIDOS_DOCENTE, EMAIL_INSTITUCIONAL, TIPO_PROFESOR, CATEGORIA_DOCENTE, FECHA_INGRESO)
VALUES (17, 1, 'DOC017', '1700000017', 'Albert', 'Einstein (Hon)', 'albert.einstein@epn.edu.ec', 'HONORARIOS', 'TITULAR', '2023-01-01');
INSERT INTO DOCENTE (ID_DOCENTE, ID_FACULTAD, NUMERO_UNICO, CEDULA, NOMBRES_DOCENTE, APELLIDOS_DOCENTE, EMAIL_INSTITUCIONAL, TIPO_PROFESOR, CATEGORIA_DOCENTE, FECHA_INGRESO)
VALUES (18, 2, 'DOC018', '1700000018', 'Adam', 'Smith (Hon)', 'adam.smith@epn.edu.ec', 'HONORARIOS', 'AGREGADO', '2023-01-01');
INSERT INTO DOCENTE (ID_DOCENTE, ID_FACULTAD, NUMERO_UNICO, CEDULA, NOMBRES_DOCENTE, APELLIDOS_DOCENTE, EMAIL_INSTITUCIONAL, TIPO_PROFESOR, CATEGORIA_DOCENTE, FECHA_INGRESO)
VALUES (19, 1, 'DOC019', '1700000019', 'Linus', 'Torvalds (Vis)', 'linus.torvalds@epn.edu.ec', 'HONORARIOS', 'AUXILIAR', '2023-06-01');
INSERT INTO DOCENTE (ID_DOCENTE, ID_FACULTAD, NUMERO_UNICO, CEDULA, NOMBRES_DOCENTE, APELLIDOS_DOCENTE, EMAIL_INSTITUCIONAL, TIPO_PROFESOR, CATEGORIA_DOCENTE, FECHA_INGRESO)
VALUES (20, 3, 'DOC020', '1700000020', 'Pedro', 'Picapiedra', 'pedro.picapiedra@epn.edu.ec', 'TIEMPO_COMPLETO', 'AUXILIAR', '2021-02-15');
INSERT INTO DOCENTE (ID_DOCENTE, ID_FACULTAD, NUMERO_UNICO, CEDULA, NOMBRES_DOCENTE, APELLIDOS_DOCENTE, EMAIL_INSTITUCIONAL, TIPO_PROFESOR, CATEGORIA_DOCENTE, FECHA_INGRESO)
VALUES (21, 4, 'DOC021', '1700000021', 'Nikola', 'Tesla (Hon)', 'nikola.tesla@epn.edu.ec', 'HONORARIOS', 'TITULAR', '2022-01-01');
INSERT INTO DOCENTE (ID_DOCENTE, ID_FACULTAD, NUMERO_UNICO, CEDULA, NOMBRES_DOCENTE, APELLIDOS_DOCENTE, EMAIL_INSTITUCIONAL, TIPO_PROFESOR, CATEGORIA_DOCENTE, FECHA_INGRESO)
VALUES (22, 5, 'DOC022', '1700000022', 'Isaac', 'Newton (Vis)', 'isaac.newton@epn.edu.ec', 'HONORARIOS', 'TITULAR', '2022-05-01');
INSERT INTO DOCENTE (ID_DOCENTE, ID_FACULTAD, NUMERO_UNICO, CEDULA, NOMBRES_DOCENTE, APELLIDOS_DOCENTE, EMAIL_INSTITUCIONAL, TIPO_PROFESOR, CATEGORIA_DOCENTE, FECHA_INGRESO)
VALUES (23, 7, 'DOC023', '1700000023', 'Marie', 'Curie (Hon)', 'marie.curie@epn.edu.ec', 'HONORARIOS', 'TITULAR', '2022-03-01');
INSERT INTO DOCENTE (ID_DOCENTE, ID_FACULTAD, NUMERO_UNICO, CEDULA, NOMBRES_DOCENTE, APELLIDOS_DOCENTE, EMAIL_INSTITUCIONAL, TIPO_PROFESOR, CATEGORIA_DOCENTE, FECHA_INGRESO)
VALUES (24, 1, 'DOC024', '1700000024', 'Alan', 'Turing (Hon)', 'alan.turing@epn.edu.ec', 'HONORARIOS', 'TITULAR', '2023-08-01');
INSERT INTO DOCENTE (ID_DOCENTE, ID_FACULTAD, NUMERO_UNICO, CEDULA, NOMBRES_DOCENTE, APELLIDOS_DOCENTE, EMAIL_INSTITUCIONAL, TIPO_PROFESOR, CATEGORIA_DOCENTE, FECHA_INGRESO)
VALUES (25, 8, 'DOC025', '1700000025', 'Charles', 'Darwin (Vis)', 'charles.darwin@epn.edu.ec', 'HONORARIOS', 'AGREGADO', '2023-09-01');

/* --------------------------------------------------------------------------
   4. ACTUALIZACIÓN DE DECANOS (Resolviendo Circularidad)
   -------------------------------------------------------------------------- */
PRINT '4. Asignando Decanos a Facultades...';
UPDATE FACULTAD SET ID_DOCENTE = 1 WHERE ID_FACULTAD = 1;
UPDATE FACULTAD SET ID_DOCENTE = 2 WHERE ID_FACULTAD = 2;
UPDATE FACULTAD SET ID_DOCENTE = 3 WHERE ID_FACULTAD = 3;
UPDATE FACULTAD SET ID_DOCENTE = 4 WHERE ID_FACULTAD = 4;
UPDATE FACULTAD SET ID_DOCENTE = 5 WHERE ID_FACULTAD = 5;
UPDATE FACULTAD SET ID_DOCENTE = 6 WHERE ID_FACULTAD = 6;
UPDATE FACULTAD SET ID_DOCENTE = 7 WHERE ID_FACULTAD = 7;
UPDATE FACULTAD SET ID_DOCENTE = 8 WHERE ID_FACULTAD = 8;

/* --------------------------------------------------------------------------
   5. CARRERAS (8 Registros, 1 por Facultad)
   -------------------------------------------------------------------------- */
PRINT '5. Insertando Carreras Principales...';
INSERT INTO CARRERA (ID_CARRERA, ID_FACULTAD, ID_DOCENTE, NOMBRE_CARRERA, NIVEL_CARRERA, MODALIDAD_CARRERA, DURACION_SEMESTRES) 
VALUES (1, 1, 9, 'Ingeniería de Software', 'GRADO', 'PRESENCIAL', 9);

INSERT INTO CARRERA (ID_CARRERA, ID_FACULTAD, ID_DOCENTE, NOMBRE_CARRERA, NIVEL_CARRERA, MODALIDAD_CARRERA, DURACION_SEMESTRES) 
VALUES (2, 2, 10, 'Licenciatura en Administración', 'GRADO', 'SEMIPRESENCIAL', 8);

INSERT INTO CARRERA (ID_CARRERA, ID_FACULTAD, ID_DOCENTE, NOMBRE_CARRERA, NIVEL_CARRERA, MODALIDAD_CARRERA, DURACION_SEMESTRES) 
VALUES (3, 3, 11, 'Ingeniería Civil', 'GRADO', 'PRESENCIAL', 10);

INSERT INTO CARRERA (ID_CARRERA, ID_FACULTAD, ID_DOCENTE, NOMBRE_CARRERA, NIVEL_CARRERA, MODALIDAD_CARRERA, DURACION_SEMESTRES) 
VALUES (4, 4, 12, 'Ingeniería en Electricidad', 'GRADO', 'PRESENCIAL', 9);

INSERT INTO CARRERA (ID_CARRERA, ID_FACULTAD, ID_DOCENTE, NOMBRE_CARRERA, NIVEL_CARRERA, MODALIDAD_CARRERA, DURACION_SEMESTRES) 
VALUES (5, 5, 13, 'Ingeniería Mecánica', 'GRADO', 'PRESENCIAL', 9);

INSERT INTO CARRERA (ID_CARRERA, ID_FACULTAD, ID_DOCENTE, NOMBRE_CARRERA, NIVEL_CARRERA, MODALIDAD_CARRERA, DURACION_SEMESTRES) 
VALUES (6, 6, 14, 'Ingeniería Química', 'GRADO', 'PRESENCIAL', 9);

INSERT INTO CARRERA (ID_CARRERA, ID_FACULTAD, ID_DOCENTE, NOMBRE_CARRERA, NIVEL_CARRERA, MODALIDAD_CARRERA, DURACION_SEMESTRES) 
VALUES (7, 7, 15, 'Matemática Aplicada', 'GRADO', 'PRESENCIAL', 8);

INSERT INTO CARRERA (ID_CARRERA, ID_FACULTAD, ID_DOCENTE, NOMBRE_CARRERA, NIVEL_CARRERA, MODALIDAD_CARRERA, DURACION_SEMESTRES) 
VALUES (8, 8, 16, 'Ingeniería en Petróleos', 'GRADO', 'PRESENCIAL', 10);

/* --------------------------------------------------------------------------
   6. PERIODOS ACADÉMICOS (3 Registros)
   NOTA: Se usa formato corto '2023-B' en NOMBRE para evitar truncamiento
   -------------------------------------------------------------------------- */
PRINT '6. Insertando Periodos Académicos...';
INSERT INTO PERIODO_ACADEMICO (ID_PERIODO, CODIGO_PERIODO, NOMBRE_PERIODO, FECHA_INICIO, FECHA_FIN, ESTADO_PERIODO) 
VALUES (1, '2023-B', '2023-B', '2023-10-01', '2024-02-28', 'FINALIZADO');

INSERT INTO PERIODO_ACADEMICO (ID_PERIODO, CODIGO_PERIODO, NOMBRE_PERIODO, FECHA_INICIO, FECHA_FIN, ESTADO_PERIODO) 
VALUES (2, '2024-A', '2024-A', '2024-04-01', '2024-08-31', 'EN_CURSO');

INSERT INTO PERIODO_ACADEMICO (ID_PERIODO, CODIGO_PERIODO, NOMBRE_PERIODO, FECHA_INICIO, FECHA_FIN, ESTADO_PERIODO) 
VALUES (3, '2024-B', '2024-B', '2024-10-01', '2025-02-28', 'PLANIFICACION');

/* --------------------------------------------------------------------------
   7. ASIGNATURAS (50 Registros)
   -------------------------------------------------------------------------- */
PRINT '7. Insertando Asignaturas Base (50)...';

INSERT INTO ASIGNATURA (ID_ASIGNATURA, CODIGO_ASIGNATURA, NOMBRE_ASIGNATURA, NUMERO_CREDITOS, TIPO_ASIGNATURA, AREA_CONOCIMIENTO)
VALUES (1, 'MAT100', 'Fundamentos de Matemática', 4, 'OBLIGATORIA', 'Ciencias Básicas');
INSERT INTO ASIGNATURA (ID_ASIGNATURA, CODIGO_ASIGNATURA, NOMBRE_ASIGNATURA, NUMERO_CREDITOS, TIPO_ASIGNATURA, AREA_CONOCIMIENTO)
VALUES (2, 'MAT101', 'Cálculo Diferencial', 4, 'OBLIGATORIA', 'Ciencias Básicas');
INSERT INTO ASIGNATURA (ID_ASIGNATURA, CODIGO_ASIGNATURA, NOMBRE_ASIGNATURA, NUMERO_CREDITOS, TIPO_ASIGNATURA, AREA_CONOCIMIENTO)
VALUES (3, 'MAT102', 'Cálculo Integral', 4, 'OBLIGATORIA', 'Ciencias Básicas');
INSERT INTO ASIGNATURA (ID_ASIGNATURA, CODIGO_ASIGNATURA, NOMBRE_ASIGNATURA, NUMERO_CREDITOS, TIPO_ASIGNATURA, AREA_CONOCIMIENTO)
VALUES (4, 'MAT103', 'Cálculo Vectorial', 4, 'OBLIGATORIA', 'Ciencias Básicas');
INSERT INTO ASIGNATURA (ID_ASIGNATURA, CODIGO_ASIGNATURA, NOMBRE_ASIGNATURA, NUMERO_CREDITOS, TIPO_ASIGNATURA, AREA_CONOCIMIENTO)
VALUES (5, 'MAT104', 'Ecuaciones Diferenciales', 4, 'OBLIGATORIA', 'Ciencias Básicas');
INSERT INTO ASIGNATURA (ID_ASIGNATURA, CODIGO_ASIGNATURA, NOMBRE_ASIGNATURA, NUMERO_CREDITOS, TIPO_ASIGNATURA, AREA_CONOCIMIENTO)
VALUES (6, 'FIS100', 'Física Clásica', 3, 'OBLIGATORIA', 'Ciencias Básicas');
INSERT INTO ASIGNATURA (ID_ASIGNATURA, CODIGO_ASIGNATURA, NOMBRE_ASIGNATURA, NUMERO_CREDITOS, TIPO_ASIGNATURA, AREA_CONOCIMIENTO)
VALUES (7, 'FIS101', 'Física Mecánica', 3, 'OBLIGATORIA', 'Ciencias Básicas');
INSERT INTO ASIGNATURA (ID_ASIGNATURA, CODIGO_ASIGNATURA, NOMBRE_ASIGNATURA, NUMERO_CREDITOS, TIPO_ASIGNATURA, AREA_CONOCIMIENTO)
VALUES (8, 'FIS102', 'Electricidad y Magnetismo', 3, 'OBLIGATORIA', 'Ciencias Básicas');
INSERT INTO ASIGNATURA (ID_ASIGNATURA, CODIGO_ASIGNATURA, NOMBRE_ASIGNATURA, NUMERO_CREDITOS, TIPO_ASIGNATURA, AREA_CONOCIMIENTO)
VALUES (9, 'QUI100', 'Química General', 3, 'OBLIGATORIA', 'Ciencias Básicas');
INSERT INTO ASIGNATURA (ID_ASIGNATURA, CODIGO_ASIGNATURA, NOMBRE_ASIGNATURA, NUMERO_CREDITOS, TIPO_ASIGNATURA, AREA_CONOCIMIENTO)
VALUES (10, 'CS100', 'Introducción a la Computación', 3, 'OBLIGATORIA', 'Programación');
INSERT INTO ASIGNATURA (ID_ASIGNATURA, CODIGO_ASIGNATURA, NOMBRE_ASIGNATURA, NUMERO_CREDITOS, TIPO_ASIGNATURA, AREA_CONOCIMIENTO)
VALUES (11, 'CS101', 'Programación en Python', 3, 'OBLIGATORIA', 'Programación');
INSERT INTO ASIGNATURA (ID_ASIGNATURA, CODIGO_ASIGNATURA, NOMBRE_ASIGNATURA, NUMERO_CREDITOS, TIPO_ASIGNATURA, AREA_CONOCIMIENTO)
VALUES (12, 'HUM100', 'Comunicación Oral y Escrita', 2, 'OBLIGATORIA', 'Humanidades');
INSERT INTO ASIGNATURA (ID_ASIGNATURA, CODIGO_ASIGNATURA, NOMBRE_ASIGNATURA, NUMERO_CREDITOS, TIPO_ASIGNATURA, AREA_CONOCIMIENTO)
VALUES (13, 'HUM101', 'Metodología de la Investigación', 2, 'OBLIGATORIA', 'Humanidades');
INSERT INTO ASIGNATURA (ID_ASIGNATURA, CODIGO_ASIGNATURA, NOMBRE_ASIGNATURA, NUMERO_CREDITOS, TIPO_ASIGNATURA, AREA_CONOCIMIENTO)
VALUES (14, 'HUM102', 'Ética Profesional', 2, 'OBLIGATORIA', 'Humanidades');
INSERT INTO ASIGNATURA (ID_ASIGNATURA, CODIGO_ASIGNATURA, NOMBRE_ASIGNATURA, NUMERO_CREDITOS, TIPO_ASIGNATURA, AREA_CONOCIMIENTO)
VALUES (15, 'IDM100', 'Inglés Técnico I', 2, 'OPTATIVA', 'Idiomas');
INSERT INTO ASIGNATURA (ID_ASIGNATURA, CODIGO_ASIGNATURA, NOMBRE_ASIGNATURA, NUMERO_CREDITOS, TIPO_ASIGNATURA, AREA_CONOCIMIENTO)
VALUES (16, 'IDM101', 'Inglés Técnico II', 2, 'OPTATIVA', 'Idiomas');
INSERT INTO ASIGNATURA (ID_ASIGNATURA, CODIGO_ASIGNATURA, NOMBRE_ASIGNATURA, NUMERO_CREDITOS, TIPO_ASIGNATURA, AREA_CONOCIMIENTO)
VALUES (17, 'ECO100', 'Economía General', 3, 'LIBRE_ELECCION', 'Economía');
INSERT INTO ASIGNATURA (ID_ASIGNATURA, CODIGO_ASIGNATURA, NOMBRE_ASIGNATURA, NUMERO_CREDITOS, TIPO_ASIGNATURA, AREA_CONOCIMIENTO)
VALUES (18, 'DEP100', 'Fútbol', 1, 'LIBRE_ELECCION', 'Deportes');
INSERT INTO ASIGNATURA (ID_ASIGNATURA, CODIGO_ASIGNATURA, NOMBRE_ASIGNATURA, NUMERO_CREDITOS, TIPO_ASIGNATURA, AREA_CONOCIMIENTO)
VALUES (19, 'DEP101', 'Baloncesto', 1, 'LIBRE_ELECCION', 'Deportes');
INSERT INTO ASIGNATURA (ID_ASIGNATURA, CODIGO_ASIGNATURA, NOMBRE_ASIGNATURA, NUMERO_CREDITOS, TIPO_ASIGNATURA, AREA_CONOCIMIENTO)
VALUES (20, 'CUL100', 'Apreciación del Cine', 1, 'LIBRE_ELECCION', 'Cultura');
INSERT INTO ASIGNATURA (ID_ASIGNATURA, CODIGO_ASIGNATURA, NOMBRE_ASIGNATURA, NUMERO_CREDITOS, TIPO_ASIGNATURA, AREA_CONOCIMIENTO)
VALUES (21, 'SW201', 'Estructuras de Datos', 4, 'OBLIGATORIA', 'Software');
INSERT INTO ASIGNATURA (ID_ASIGNATURA, CODIGO_ASIGNATURA, NOMBRE_ASIGNATURA, NUMERO_CREDITOS, TIPO_ASIGNATURA, AREA_CONOCIMIENTO)
VALUES (22, 'SW202', 'Programación Orientada a Objetos', 4, 'OBLIGATORIA', 'Software');
INSERT INTO ASIGNATURA (ID_ASIGNATURA, CODIGO_ASIGNATURA, NOMBRE_ASIGNATURA, NUMERO_CREDITOS, TIPO_ASIGNATURA, AREA_CONOCIMIENTO)
VALUES (23, 'SW203', 'Base de Datos I', 4, 'OBLIGATORIA', 'Software');
INSERT INTO ASIGNATURA (ID_ASIGNATURA, CODIGO_ASIGNATURA, NOMBRE_ASIGNATURA, NUMERO_CREDITOS, TIPO_ASIGNATURA, AREA_CONOCIMIENTO)
VALUES (24, 'SW204', 'Ingeniería de Requisitos', 3, 'OBLIGATORIA', 'Software');
INSERT INTO ASIGNATURA (ID_ASIGNATURA, CODIGO_ASIGNATURA, NOMBRE_ASIGNATURA, NUMERO_CREDITOS, TIPO_ASIGNATURA, AREA_CONOCIMIENTO)
VALUES (25, 'SW205', 'Arquitectura de Software', 4, 'OBLIGATORIA', 'Software');
INSERT INTO ASIGNATURA (ID_ASIGNATURA, CODIGO_ASIGNATURA, NOMBRE_ASIGNATURA, NUMERO_CREDITOS, TIPO_ASIGNATURA, AREA_CONOCIMIENTO)
VALUES (26, 'ADM201', 'Contabilidad Básica', 3, 'OBLIGATORIA', 'Finanzas');
INSERT INTO ASIGNATURA (ID_ASIGNATURA, CODIGO_ASIGNATURA, NOMBRE_ASIGNATURA, NUMERO_CREDITOS, TIPO_ASIGNATURA, AREA_CONOCIMIENTO)
VALUES (27, 'ADM202', 'Administración General', 3, 'OBLIGATORIA', 'Administración');
INSERT INTO ASIGNATURA (ID_ASIGNATURA, CODIGO_ASIGNATURA, NOMBRE_ASIGNATURA, NUMERO_CREDITOS, TIPO_ASIGNATURA, AREA_CONOCIMIENTO)
VALUES (28, 'ADM203', 'Marketing Estratégico', 3, 'OBLIGATORIA', 'Marketing');
INSERT INTO ASIGNATURA (ID_ASIGNATURA, CODIGO_ASIGNATURA, NOMBRE_ASIGNATURA, NUMERO_CREDITOS, TIPO_ASIGNATURA, AREA_CONOCIMIENTO)
VALUES (29, 'ADM204', 'Talento Humano', 3, 'OBLIGATORIA', 'Recursos Humanos');
INSERT INTO ASIGNATURA (ID_ASIGNATURA, CODIGO_ASIGNATURA, NOMBRE_ASIGNATURA, NUMERO_CREDITOS, TIPO_ASIGNATURA, AREA_CONOCIMIENTO)
VALUES (30, 'ADM205', 'Microeconomía', 3, 'OBLIGATORIA', 'Economía');
INSERT INTO ASIGNATURA (ID_ASIGNATURA, CODIGO_ASIGNATURA, NOMBRE_ASIGNATURA, NUMERO_CREDITOS, TIPO_ASIGNATURA, AREA_CONOCIMIENTO)
VALUES (31, 'CIV301', 'Topografía', 4, 'OBLIGATORIA', 'Civil');
INSERT INTO ASIGNATURA (ID_ASIGNATURA, CODIGO_ASIGNATURA, NOMBRE_ASIGNATURA, NUMERO_CREDITOS, TIPO_ASIGNATURA, AREA_CONOCIMIENTO)
VALUES (32, 'CIV302', 'Mecánica de Suelos', 4, 'OBLIGATORIA', 'Civil');
INSERT INTO ASIGNATURA (ID_ASIGNATURA, CODIGO_ASIGNATURA, NOMBRE_ASIGNATURA, NUMERO_CREDITOS, TIPO_ASIGNATURA, AREA_CONOCIMIENTO)
VALUES (33, 'CIV303', 'Resistencia de Materiales', 4, 'OBLIGATORIA', 'Civil');
INSERT INTO ASIGNATURA (ID_ASIGNATURA, CODIGO_ASIGNATURA, NOMBRE_ASIGNATURA, NUMERO_CREDITOS, TIPO_ASIGNATURA, AREA_CONOCIMIENTO)
VALUES (34, 'CIV304', 'Hidráulica I', 4, 'OBLIGATORIA', 'Civil');
INSERT INTO ASIGNATURA (ID_ASIGNATURA, CODIGO_ASIGNATURA, NOMBRE_ASIGNATURA, NUMERO_CREDITOS, TIPO_ASIGNATURA, AREA_CONOCIMIENTO)
VALUES (35, 'CIV305', 'Hormigón Armado', 4, 'OBLIGATORIA', 'Civil');
INSERT INTO ASIGNATURA (ID_ASIGNATURA, CODIGO_ASIGNATURA, NOMBRE_ASIGNATURA, NUMERO_CREDITOS, TIPO_ASIGNATURA, AREA_CONOCIMIENTO)
VALUES (36, 'ELE401', 'Circuitos Eléctricos I', 4, 'OBLIGATORIA', 'Eléctrica');
INSERT INTO ASIGNATURA (ID_ASIGNATURA, CODIGO_ASIGNATURA, NOMBRE_ASIGNATURA, NUMERO_CREDITOS, TIPO_ASIGNATURA, AREA_CONOCIMIENTO)
VALUES (37, 'ELE402', 'Electrónica Analógica', 4, 'OBLIGATORIA', 'Eléctrica');
INSERT INTO ASIGNATURA (ID_ASIGNATURA, CODIGO_ASIGNATURA, NOMBRE_ASIGNATURA, NUMERO_CREDITOS, TIPO_ASIGNATURA, AREA_CONOCIMIENTO)
VALUES (38, 'ELE403', 'Sistemas Digitales', 4, 'OBLIGATORIA', 'Eléctrica');
INSERT INTO ASIGNATURA (ID_ASIGNATURA, CODIGO_ASIGNATURA, NOMBRE_ASIGNATURA, NUMERO_CREDITOS, TIPO_ASIGNATURA, AREA_CONOCIMIENTO)
VALUES (39, 'ELE404', 'Teoría Electromagnética', 3, 'OBLIGATORIA', 'Eléctrica');
INSERT INTO ASIGNATURA (ID_ASIGNATURA, CODIGO_ASIGNATURA, NOMBRE_ASIGNATURA, NUMERO_CREDITOS, TIPO_ASIGNATURA, AREA_CONOCIMIENTO)
VALUES (40, 'ELE405', 'Maquinas Eléctricas', 4, 'OBLIGATORIA', 'Eléctrica');
INSERT INTO ASIGNATURA (ID_ASIGNATURA, CODIGO_ASIGNATURA, NOMBRE_ASIGNATURA, NUMERO_CREDITOS, TIPO_ASIGNATURA, AREA_CONOCIMIENTO)
VALUES (41, 'MEC501', 'Estática', 3, 'OBLIGATORIA', 'Mecánica');
INSERT INTO ASIGNATURA (ID_ASIGNATURA, CODIGO_ASIGNATURA, NOMBRE_ASIGNATURA, NUMERO_CREDITOS, TIPO_ASIGNATURA, AREA_CONOCIMIENTO)
VALUES (42, 'MEC502', 'Dinámica', 3, 'OBLIGATORIA', 'Mecánica');
INSERT INTO ASIGNATURA (ID_ASIGNATURA, CODIGO_ASIGNATURA, NOMBRE_ASIGNATURA, NUMERO_CREDITOS, TIPO_ASIGNATURA, AREA_CONOCIMIENTO)
VALUES (43, 'MEC503', 'Termodinámica', 4, 'OBLIGATORIA', 'Mecánica');
INSERT INTO ASIGNATURA (ID_ASIGNATURA, CODIGO_ASIGNATURA, NOMBRE_ASIGNATURA, NUMERO_CREDITOS, TIPO_ASIGNATURA, AREA_CONOCIMIENTO)
VALUES (44, 'MEC504', 'Mecánica de Fluidos', 4, 'OBLIGATORIA', 'Mecánica');
INSERT INTO ASIGNATURA (ID_ASIGNATURA, CODIGO_ASIGNATURA, NOMBRE_ASIGNATURA, NUMERO_CREDITOS, TIPO_ASIGNATURA, AREA_CONOCIMIENTO)
VALUES (45, 'MEC505', 'Transferencia de Calor', 4, 'OBLIGATORIA', 'Mecánica');
INSERT INTO ASIGNATURA (ID_ASIGNATURA, CODIGO_ASIGNATURA, NOMBRE_ASIGNATURA, NUMERO_CREDITOS, TIPO_ASIGNATURA, AREA_CONOCIMIENTO)
VALUES (46, 'QUI601', 'Química Orgánica', 4, 'OBLIGATORIA', 'Química');
INSERT INTO ASIGNATURA (ID_ASIGNATURA, CODIGO_ASIGNATURA, NOMBRE_ASIGNATURA, NUMERO_CREDITOS, TIPO_ASIGNATURA, AREA_CONOCIMIENTO)
VALUES (47, 'QUI602', 'Fisicoquímica', 4, 'OBLIGATORIA', 'Química');
INSERT INTO ASIGNATURA (ID_ASIGNATURA, CODIGO_ASIGNATURA, NOMBRE_ASIGNATURA, NUMERO_CREDITOS, TIPO_ASIGNATURA, AREA_CONOCIMIENTO)
VALUES (48, 'PET801', 'Geología General', 3, 'OBLIGATORIA', 'Geología');
INSERT INTO ASIGNATURA (ID_ASIGNATURA, CODIGO_ASIGNATURA, NOMBRE_ASIGNATURA, NUMERO_CREDITOS, TIPO_ASIGNATURA, AREA_CONOCIMIENTO)
VALUES (49, 'PET802', 'Perforación I', 4, 'OBLIGATORIA', 'Petróleos');
INSERT INTO ASIGNATURA (ID_ASIGNATURA, CODIGO_ASIGNATURA, NOMBRE_ASIGNATURA, NUMERO_CREDITOS, TIPO_ASIGNATURA, AREA_CONOCIMIENTO)
VALUES (50, 'MAT701', 'Álgebra Lineal Avanzada', 3, 'OPTATIVA', 'Matemáticas');


/* --------------------------------------------------------------------------
   8. ESTUDIANTES (125 Registros)
   -------------------------------------------------------------------------- */
PRINT '8. Insertando Estudiantes (125 registros)...';
-- Lote 1: Estudiantes Buenos (Activos, IRA > 8)
INSERT INTO ESTUDIANTE (ID_ESTUDIANTE, NUMERO_UNICO, CEDULA, NOMBRES_ESTUDIANTE, APELLIDOS_ESTUDIANTE, EMAIL_INSTITUCIONAL, FECHA_INGRESO, ESTADO_ESTUDIANTE, IRA) VALUES (1, 'EST001', '1710000001', 'Ana María', 'Sánchez Vélez', 'ana.sanchez@epn.edu.ec', '2022-04-01', 'ACTIVO', 9.5);
INSERT INTO ESTUDIANTE (ID_ESTUDIANTE, NUMERO_UNICO, CEDULA, NOMBRES_ESTUDIANTE, APELLIDOS_ESTUDIANTE, EMAIL_INSTITUCIONAL, FECHA_INGRESO, ESTADO_ESTUDIANTE, IRA) VALUES (2, 'EST002', '1710000002', 'Carlos Andrés', 'Viteri Loor', 'carlos.viteri@epn.edu.ec', '2023-04-01', 'ACTIVO', 8.2);
INSERT INTO ESTUDIANTE (ID_ESTUDIANTE, NUMERO_UNICO, CEDULA, NOMBRES_ESTUDIANTE, APELLIDOS_ESTUDIANTE, EMAIL_INSTITUCIONAL, FECHA_INGRESO, ESTADO_ESTUDIANTE, IRA) VALUES (3, 'EST003', '1710000003', 'Luis Esteban', 'Torres Paz', 'luis.torres@epn.edu.ec', '2021-10-01', 'SUSPENDIDO', 6.5); -- Caso borde
INSERT INTO ESTUDIANTE (ID_ESTUDIANTE, NUMERO_UNICO, CEDULA, NOMBRES_ESTUDIANTE, APELLIDOS_ESTUDIANTE, EMAIL_INSTITUCIONAL, FECHA_INGRESO, ESTADO_ESTUDIANTE, IRA) VALUES (4, 'EST004', '1710000004', 'Carmen', 'Ortiz', 'carmen.ortiz@epn.edu.ec', '2023-04-01', 'ACTIVO', 8.9);
INSERT INTO ESTUDIANTE (ID_ESTUDIANTE, NUMERO_UNICO, CEDULA, NOMBRES_ESTUDIANTE, APELLIDOS_ESTUDIANTE, EMAIL_INSTITUCIONAL, FECHA_INGRESO, ESTADO_ESTUDIANTE, IRA) VALUES (5, 'EST005', '1710000005', 'Jose', 'Ramirez', 'jose.ramirez@epn.edu.ec', '2022-10-01', 'ACTIVO', 7.5);
INSERT INTO ESTUDIANTE (ID_ESTUDIANTE, NUMERO_UNICO, CEDULA, NOMBRES_ESTUDIANTE, APELLIDOS_ESTUDIANTE, EMAIL_INSTITUCIONAL, FECHA_INGRESO, ESTADO_ESTUDIANTE, IRA) VALUES (6, 'EST006', '1710000006', 'Maria', 'Castillo', 'maria.castillo@epn.edu.ec', '2021-04-01', 'ACTIVO', 9.1);
INSERT INTO ESTUDIANTE (ID_ESTUDIANTE, NUMERO_UNICO, CEDULA, NOMBRES_ESTUDIANTE, APELLIDOS_ESTUDIANTE, EMAIL_INSTITUCIONAL, FECHA_INGRESO, ESTADO_ESTUDIANTE, IRA) VALUES (7, 'EST007', '1710000007', 'Pedro', 'Alvarado', 'pedro.alvarado@epn.edu.ec', '2023-10-01', 'ACTIVO', 8.4);
INSERT INTO ESTUDIANTE (ID_ESTUDIANTE, NUMERO_UNICO, CEDULA, NOMBRES_ESTUDIANTE, APELLIDOS_ESTUDIANTE, EMAIL_INSTITUCIONAL, FECHA_INGRESO, ESTADO_ESTUDIANTE, IRA) VALUES (8, 'EST008', '1710000008', 'Sofia', 'Benitez', 'sofia.benitez@epn.edu.ec', '2022-04-01', 'ACTIVO', 9.8);
INSERT INTO ESTUDIANTE (ID_ESTUDIANTE, NUMERO_UNICO, CEDULA, NOMBRES_ESTUDIANTE, APELLIDOS_ESTUDIANTE, EMAIL_INSTITUCIONAL, FECHA_INGRESO, ESTADO_ESTUDIANTE, IRA) VALUES (9, 'EST009', '1710000009', 'Jorge', 'Cevallos', 'jorge.cevallos@epn.edu.ec', '2023-04-01', 'ACTIVO', 7.2);
INSERT INTO ESTUDIANTE (ID_ESTUDIANTE, NUMERO_UNICO, CEDULA, NOMBRES_ESTUDIANTE, APELLIDOS_ESTUDIANTE, EMAIL_INSTITUCIONAL, FECHA_INGRESO, ESTADO_ESTUDIANTE, IRA) VALUES (10, 'EST010', '1710000010', 'Lucia', 'Davila', 'lucia.davila@epn.edu.ec', '2021-10-01', 'GRADUADO', 9.2);

-- Lote Masivo (Generado para completar 125)
INSERT INTO ESTUDIANTE (ID_ESTUDIANTE, NUMERO_UNICO, CEDULA, NOMBRES_ESTUDIANTE, APELLIDOS_ESTUDIANTE, EMAIL_INSTITUCIONAL, FECHA_INGRESO, ESTADO_ESTUDIANTE, IRA) VALUES (11, 'EST011', '1710000011', 'Miguel', 'Espinosa', 'miguel.espinosa@epn.edu.ec', '2023-04-01', 'ACTIVO', 7.8);
INSERT INTO ESTUDIANTE (ID_ESTUDIANTE, NUMERO_UNICO, CEDULA, NOMBRES_ESTUDIANTE, APELLIDOS_ESTUDIANTE, EMAIL_INSTITUCIONAL, FECHA_INGRESO, ESTADO_ESTUDIANTE, IRA) VALUES (12, 'EST012', '1710000012', 'Elena', 'Flores', 'elena.flores@epn.edu.ec', '2022-10-01', 'ACTIVO', 8.5);
INSERT INTO ESTUDIANTE (ID_ESTUDIANTE, NUMERO_UNICO, CEDULA, NOMBRES_ESTUDIANTE, APELLIDOS_ESTUDIANTE, EMAIL_INSTITUCIONAL, FECHA_INGRESO, ESTADO_ESTUDIANTE, IRA) VALUES (13, 'EST013', '1710000013', 'Raul', 'Guzman', 'raul.guzman@epn.edu.ec', '2023-10-01', 'ACTIVO', 6.9);
INSERT INTO ESTUDIANTE (ID_ESTUDIANTE, NUMERO_UNICO, CEDULA, NOMBRES_ESTUDIANTE, APELLIDOS_ESTUDIANTE, EMAIL_INSTITUCIONAL, FECHA_INGRESO, ESTADO_ESTUDIANTE, IRA) VALUES (14, 'EST014', '1710000014', 'Patricia', 'Heredia', 'patricia.heredia@epn.edu.ec', '2022-04-01', 'ACTIVO', 9.0);
INSERT INTO ESTUDIANTE (ID_ESTUDIANTE, NUMERO_UNICO, CEDULA, NOMBRES_ESTUDIANTE, APELLIDOS_ESTUDIANTE, EMAIL_INSTITUCIONAL, FECHA_INGRESO, ESTADO_ESTUDIANTE, IRA) VALUES (15, 'EST015', '1710000015', 'Fernando', 'Ibarra', 'fernando.ibarra@epn.edu.ec', '2021-10-01', 'ACTIVO', 7.4);
INSERT INTO ESTUDIANTE (ID_ESTUDIANTE, NUMERO_UNICO, CEDULA, NOMBRES_ESTUDIANTE, APELLIDOS_ESTUDIANTE, EMAIL_INSTITUCIONAL, FECHA_INGRESO, ESTADO_ESTUDIANTE, IRA) VALUES (16, 'EST016', '1710000016', 'Gabriela', 'Jimenez', 'gabriela.jimenez@epn.edu.ec', '2023-04-01', 'ACTIVO', 8.1);
INSERT INTO ESTUDIANTE (ID_ESTUDIANTE, NUMERO_UNICO, CEDULA, NOMBRES_ESTUDIANTE, APELLIDOS_ESTUDIANTE, EMAIL_INSTITUCIONAL, FECHA_INGRESO, ESTADO_ESTUDIANTE, IRA) VALUES (17, 'EST017', '1710000017', 'Ricardo', 'Lara', 'ricardo.lara@epn.edu.ec', '2022-10-01', 'ACTIVO', 7.6);
INSERT INTO ESTUDIANTE (ID_ESTUDIANTE, NUMERO_UNICO, CEDULA, NOMBRES_ESTUDIANTE, APELLIDOS_ESTUDIANTE, EMAIL_INSTITUCIONAL, FECHA_INGRESO, ESTADO_ESTUDIANTE, IRA) VALUES (18, 'EST018', '1710000018', 'Diana', 'Mena', 'diana.mena@epn.edu.ec', '2023-10-01', 'ACTIVO', 8.8);
INSERT INTO ESTUDIANTE (ID_ESTUDIANTE, NUMERO_UNICO, CEDULA, NOMBRES_ESTUDIANTE, APELLIDOS_ESTUDIANTE, EMAIL_INSTITUCIONAL, FECHA_INGRESO, ESTADO_ESTUDIANTE, IRA) VALUES (19, 'EST019', '1710000019', 'Victor', 'Nunez', 'victor.nunez@epn.edu.ec', '2022-04-01', 'ACTIVO', 7.1);
INSERT INTO ESTUDIANTE (ID_ESTUDIANTE, NUMERO_UNICO, CEDULA, NOMBRES_ESTUDIANTE, APELLIDOS_ESTUDIANTE, EMAIL_INSTITUCIONAL, FECHA_INGRESO, ESTADO_ESTUDIANTE, IRA) VALUES (20, 'EST020', '1710000020', 'Andrea', 'Ortega', 'andrea.ortega@epn.edu.ec', '2021-10-01', 'GRADUADO', 9.4);
INSERT INTO ESTUDIANTE (ID_ESTUDIANTE, NUMERO_UNICO, CEDULA, NOMBRES_ESTUDIANTE, APELLIDOS_ESTUDIANTE, EMAIL_INSTITUCIONAL, FECHA_INGRESO, ESTADO_ESTUDIANTE, IRA) VALUES (21, 'EST021', '1710000021', 'Santiago', 'Pacheco', 'santiago.pacheco@epn.edu.ec', '2023-04-01', 'ACTIVO', 7.9);
INSERT INTO ESTUDIANTE (ID_ESTUDIANTE, NUMERO_UNICO, CEDULA, NOMBRES_ESTUDIANTE, APELLIDOS_ESTUDIANTE, EMAIL_INSTITUCIONAL, FECHA_INGRESO, ESTADO_ESTUDIANTE, IRA) VALUES (22, 'EST022', '1710000022', 'Monica', 'Quezada', 'monica.quezada@epn.edu.ec', '2022-10-01', 'ACTIVO', 8.6);
INSERT INTO ESTUDIANTE (ID_ESTUDIANTE, NUMERO_UNICO, CEDULA, NOMBRES_ESTUDIANTE, APELLIDOS_ESTUDIANTE, EMAIL_INSTITUCIONAL, FECHA_INGRESO, ESTADO_ESTUDIANTE, IRA) VALUES (23, 'EST023', '1710000023', 'Andres', 'Rojas', 'andres.rojas@epn.edu.ec', '2023-10-01', 'ACTIVO', 6.8);
INSERT INTO ESTUDIANTE (ID_ESTUDIANTE, NUMERO_UNICO, CEDULA, NOMBRES_ESTUDIANTE, APELLIDOS_ESTUDIANTE, EMAIL_INSTITUCIONAL, FECHA_INGRESO, ESTADO_ESTUDIANTE, IRA) VALUES (24, 'EST024', '1710000024', 'Valeria', 'Salas', 'valeria.salas@epn.edu.ec', '2022-04-01', 'ACTIVO', 9.3);
INSERT INTO ESTUDIANTE (ID_ESTUDIANTE, NUMERO_UNICO, CEDULA, NOMBRES_ESTUDIANTE, APELLIDOS_ESTUDIANTE, EMAIL_INSTITUCIONAL, FECHA_INGRESO, ESTADO_ESTUDIANTE, IRA) VALUES (25, 'EST025', '1710000025', 'Diego', 'Tapia', 'diego.tapia@epn.edu.ec', '2021-10-01', 'ACTIVO', 7.7);
INSERT INTO ESTUDIANTE (ID_ESTUDIANTE, NUMERO_UNICO, CEDULA, NOMBRES_ESTUDIANTE, APELLIDOS_ESTUDIANTE, EMAIL_INSTITUCIONAL, FECHA_INGRESO, ESTADO_ESTUDIANTE, IRA) VALUES (26, 'EST026', '1710000026', 'Camila', 'Ulloa', 'camila.ulloa@epn.edu.ec', '2023-04-01', 'ACTIVO', 8.3);
INSERT INTO ESTUDIANTE (ID_ESTUDIANTE, NUMERO_UNICO, CEDULA, NOMBRES_ESTUDIANTE, APELLIDOS_ESTUDIANTE, EMAIL_INSTITUCIONAL, FECHA_INGRESO, ESTADO_ESTUDIANTE, IRA) VALUES (27, 'EST027', '1710000027', 'Francisco', 'Vallejo', 'francisco.vallejo@epn.edu.ec', '2022-10-01', 'ACTIVO', 7.3);
INSERT INTO ESTUDIANTE (ID_ESTUDIANTE, NUMERO_UNICO, CEDULA, NOMBRES_ESTUDIANTE, APELLIDOS_ESTUDIANTE, EMAIL_INSTITUCIONAL, FECHA_INGRESO, ESTADO_ESTUDIANTE, IRA) VALUES (28, 'EST028', '1710000028', 'Natalia', 'Yanez', 'natalia.yanez@epn.edu.ec', '2023-10-01', 'ACTIVO', 8.7);
INSERT INTO ESTUDIANTE (ID_ESTUDIANTE, NUMERO_UNICO, CEDULA, NOMBRES_ESTUDIANTE, APELLIDOS_ESTUDIANTE, EMAIL_INSTITUCIONAL, FECHA_INGRESO, ESTADO_ESTUDIANTE, IRA) VALUES (29, 'EST029', '1710000029', 'Javier', 'Zambrano', 'javier.zambrano@epn.edu.ec', '2022-04-01', 'ACTIVO', 7.0);
INSERT INTO ESTUDIANTE (ID_ESTUDIANTE, NUMERO_UNICO, CEDULA, NOMBRES_ESTUDIANTE, APELLIDOS_ESTUDIANTE, EMAIL_INSTITUCIONAL, FECHA_INGRESO, ESTADO_ESTUDIANTE, IRA) VALUES (30, 'EST030', '1710000030', 'Paula', 'Andrade', 'paula.andrade@epn.edu.ec', '2021-10-01', 'SUSPENDIDO', 5.5);
INSERT INTO ESTUDIANTE (ID_ESTUDIANTE, NUMERO_UNICO, CEDULA, NOMBRES_ESTUDIANTE, APELLIDOS_ESTUDIANTE, EMAIL_INSTITUCIONAL, FECHA_INGRESO, ESTADO_ESTUDIANTE, IRA) VALUES (31, 'EST031', '1710000031', 'Manuel', 'Bernal', 'manuel.bernal@epn.edu.ec', '2023-04-01', 'ACTIVO', 8.0);
INSERT INTO ESTUDIANTE (ID_ESTUDIANTE, NUMERO_UNICO, CEDULA, NOMBRES_ESTUDIANTE, APELLIDOS_ESTUDIANTE, EMAIL_INSTITUCIONAL, FECHA_INGRESO, ESTADO_ESTUDIANTE, IRA) VALUES (32, 'EST032', '1710000032', 'Daniela', 'Cabrera', 'daniela.cabrera@epn.edu.ec', '2022-10-01', 'ACTIVO', 9.6);
INSERT INTO ESTUDIANTE (ID_ESTUDIANTE, NUMERO_UNICO, CEDULA, NOMBRES_ESTUDIANTE, APELLIDOS_ESTUDIANTE, EMAIL_INSTITUCIONAL, FECHA_INGRESO, ESTADO_ESTUDIANTE, IRA) VALUES (33, 'EST033', '1710000033', 'Roberto', 'Delgado', 'roberto.delgado@epn.edu.ec', '2023-10-01', 'ACTIVO', 7.5);
INSERT INTO ESTUDIANTE (ID_ESTUDIANTE, NUMERO_UNICO, CEDULA, NOMBRES_ESTUDIANTE, APELLIDOS_ESTUDIANTE, EMAIL_INSTITUCIONAL, FECHA_INGRESO, ESTADO_ESTUDIANTE, IRA) VALUES (34, 'EST034', '1710000034', 'Isabel', 'Estrella', 'isabel.estrella@epn.edu.ec', '2022-04-01', 'ACTIVO', 8.9);
INSERT INTO ESTUDIANTE (ID_ESTUDIANTE, NUMERO_UNICO, CEDULA, NOMBRES_ESTUDIANTE, APELLIDOS_ESTUDIANTE, EMAIL_INSTITUCIONAL, FECHA_INGRESO, ESTADO_ESTUDIANTE, IRA) VALUES (35, 'EST035', '1710000035', 'Gustavo', 'Fuentes', 'gustavo.fuentes@epn.edu.ec', '2021-10-01', 'ACTIVO', 6.7);
INSERT INTO ESTUDIANTE (ID_ESTUDIANTE, NUMERO_UNICO, CEDULA, NOMBRES_ESTUDIANTE, APELLIDOS_ESTUDIANTE, EMAIL_INSTITUCIONAL, FECHA_INGRESO, ESTADO_ESTUDIANTE, IRA) VALUES (36, 'EST036', '1710000036', 'Lorena', 'Galarza', 'lorena.galarza@epn.edu.ec', '2023-04-01', 'ACTIVO', 9.1);
INSERT INTO ESTUDIANTE (ID_ESTUDIANTE, NUMERO_UNICO, CEDULA, NOMBRES_ESTUDIANTE, APELLIDOS_ESTUDIANTE, EMAIL_INSTITUCIONAL, FECHA_INGRESO, ESTADO_ESTUDIANTE, IRA) VALUES (37, 'EST037', '1710000037', 'Alberto', 'Hidalgo', 'alberto.hidalgo@epn.edu.ec', '2022-10-01', 'ACTIVO', 8.2);
INSERT INTO ESTUDIANTE (ID_ESTUDIANTE, NUMERO_UNICO, CEDULA, NOMBRES_ESTUDIANTE, APELLIDOS_ESTUDIANTE, EMAIL_INSTITUCIONAL, FECHA_INGRESO, ESTADO_ESTUDIANTE, IRA) VALUES (38, 'EST038', '1710000038', 'Mariana', 'Iglesias', 'mariana.iglesias@epn.edu.ec', '2023-10-01', 'ACTIVO', 7.8);
INSERT INTO ESTUDIANTE (ID_ESTUDIANTE, NUMERO_UNICO, CEDULA, NOMBRES_ESTUDIANTE, APELLIDOS_ESTUDIANTE, EMAIL_INSTITUCIONAL, FECHA_INGRESO, ESTADO_ESTUDIANTE, IRA) VALUES (39, 'EST039', '1710000039', 'Eduardo', 'Jaramillo', 'eduardo.jaramillo@epn.edu.ec', '2022-04-01', 'ACTIVO', 8.5);
INSERT INTO ESTUDIANTE (ID_ESTUDIANTE, NUMERO_UNICO, CEDULA, NOMBRES_ESTUDIANTE, APELLIDOS_ESTUDIANTE, EMAIL_INSTITUCIONAL, FECHA_INGRESO, ESTADO_ESTUDIANTE, IRA) VALUES (40, 'EST040', '1710000040', 'Silvia', 'Lozano', 'silvia.lozano@epn.edu.ec', '2021-10-01', 'GRADUADO', 9.5);
INSERT INTO ESTUDIANTE (ID_ESTUDIANTE, NUMERO_UNICO, CEDULA, NOMBRES_ESTUDIANTE, APELLIDOS_ESTUDIANTE, EMAIL_INSTITUCIONAL, FECHA_INGRESO, ESTADO_ESTUDIANTE, IRA) VALUES (41, 'EST041', '1710000041', 'Alejandro', 'Martinez', 'alejandro.martinez@epn.edu.ec', '2023-04-01', 'ACTIVO', 7.4);
INSERT INTO ESTUDIANTE (ID_ESTUDIANTE, NUMERO_UNICO, CEDULA, NOMBRES_ESTUDIANTE, APELLIDOS_ESTUDIANTE, EMAIL_INSTITUCIONAL, FECHA_INGRESO, ESTADO_ESTUDIANTE, IRA) VALUES (42, 'EST042', '1710000042', 'Beatriz', 'Narvaez', 'beatriz.narvaez@epn.edu.ec', '2022-10-01', 'ACTIVO', 8.8);
INSERT INTO ESTUDIANTE (ID_ESTUDIANTE, NUMERO_UNICO, CEDULA, NOMBRES_ESTUDIANTE, APELLIDOS_ESTUDIANTE, EMAIL_INSTITUCIONAL, FECHA_INGRESO, ESTADO_ESTUDIANTE, IRA) VALUES (43, 'EST043', '1710000043', 'Cristian', 'Ochoa', 'cristian.ochoa@epn.edu.ec', '2023-10-01', 'ACTIVO', 6.9);
INSERT INTO ESTUDIANTE (ID_ESTUDIANTE, NUMERO_UNICO, CEDULA, NOMBRES_ESTUDIANTE, APELLIDOS_ESTUDIANTE, EMAIL_INSTITUCIONAL, FECHA_INGRESO, ESTADO_ESTUDIANTE, IRA) VALUES (44, 'EST044', '1710000044', 'Fernanda', 'Palacios', 'fernanda.palacios@epn.edu.ec', '2022-04-01', 'ACTIVO', 9.0);
INSERT INTO ESTUDIANTE (ID_ESTUDIANTE, NUMERO_UNICO, CEDULA, NOMBRES_ESTUDIANTE, APELLIDOS_ESTUDIANTE, EMAIL_INSTITUCIONAL, FECHA_INGRESO, ESTADO_ESTUDIANTE, IRA) VALUES (45, 'EST045', '1710000045', 'Hugo', 'Quintana', 'hugo.quintana@epn.edu.ec', '2021-10-01', 'ACTIVO', 7.6);
INSERT INTO ESTUDIANTE (ID_ESTUDIANTE, NUMERO_UNICO, CEDULA, NOMBRES_ESTUDIANTE, APELLIDOS_ESTUDIANTE, EMAIL_INSTITUCIONAL, FECHA_INGRESO, ESTADO_ESTUDIANTE, IRA) VALUES (46, 'EST046', '1710000046', 'Cecilia', 'Reyes', 'cecilia.reyes@epn.edu.ec', '2023-04-01', 'ACTIVO', 8.4);
INSERT INTO ESTUDIANTE (ID_ESTUDIANTE, NUMERO_UNICO, CEDULA, NOMBRES_ESTUDIANTE, APELLIDOS_ESTUDIANTE, EMAIL_INSTITUCIONAL, FECHA_INGRESO, ESTADO_ESTUDIANTE, IRA) VALUES (47, 'EST047', '1710000047', 'Marco', 'Salazar', 'marco.salazar@epn.edu.ec', '2022-10-01', 'ACTIVO', 7.2);
INSERT INTO ESTUDIANTE (ID_ESTUDIANTE, NUMERO_UNICO, CEDULA, NOMBRES_ESTUDIANTE, APELLIDOS_ESTUDIANTE, EMAIL_INSTITUCIONAL, FECHA_INGRESO, ESTADO_ESTUDIANTE, IRA) VALUES (48, 'EST048', '1710000048', 'Gloria', 'Tamayo', 'gloria.tamayo@epn.edu.ec', '2023-10-01', 'ACTIVO', 9.3);
INSERT INTO ESTUDIANTE (ID_ESTUDIANTE, NUMERO_UNICO, CEDULA, NOMBRES_ESTUDIANTE, APELLIDOS_ESTUDIANTE, EMAIL_INSTITUCIONAL, FECHA_INGRESO, ESTADO_ESTUDIANTE, IRA) VALUES (49, 'EST049', '1710000049', 'Pablo', 'Uribe', 'pablo.uribe@epn.edu.ec', '2022-04-01', 'ACTIVO', 8.0);
INSERT INTO ESTUDIANTE (ID_ESTUDIANTE, NUMERO_UNICO, CEDULA, NOMBRES_ESTUDIANTE, APELLIDOS_ESTUDIANTE, EMAIL_INSTITUCIONAL, FECHA_INGRESO, ESTADO_ESTUDIANTE, IRA) VALUES (50, 'EST050', '1710000050', 'Veronica', 'Vasco', 'veronica.vasco@epn.edu.ec', '2021-10-01', 'GRADUADO', 9.7);
INSERT INTO ESTUDIANTE (ID_ESTUDIANTE, NUMERO_UNICO, CEDULA, NOMBRES_ESTUDIANTE, APELLIDOS_ESTUDIANTE, EMAIL_INSTITUCIONAL, FECHA_INGRESO, ESTADO_ESTUDIANTE, IRA) VALUES (51, 'EST051', '1710000051', 'Oscar', 'Wong', 'oscar.wong@epn.edu.ec', '2023-04-01', 'ACTIVO', 7.9);
INSERT INTO ESTUDIANTE (ID_ESTUDIANTE, NUMERO_UNICO, CEDULA, NOMBRES_ESTUDIANTE, APELLIDOS_ESTUDIANTE, EMAIL_INSTITUCIONAL, FECHA_INGRESO, ESTADO_ESTUDIANTE, IRA) VALUES (52, 'EST052', '1710000052', 'Ximena', 'Ybarra', 'ximena.ybarra@epn.edu.ec', '2022-10-01', 'ACTIVO', 8.6);
INSERT INTO ESTUDIANTE (ID_ESTUDIANTE, NUMERO_UNICO, CEDULA, NOMBRES_ESTUDIANTE, APELLIDOS_ESTUDIANTE, EMAIL_INSTITUCIONAL, FECHA_INGRESO, ESTADO_ESTUDIANTE, IRA) VALUES (53, 'EST053', '1710000053', 'Rrene', 'Zapata', 'rene.zapata@epn.edu.ec', '2023-10-01', 'ACTIVO', 6.5);
INSERT INTO ESTUDIANTE (ID_ESTUDIANTE, NUMERO_UNICO, CEDULA, NOMBRES_ESTUDIANTE, APELLIDOS_ESTUDIANTE, EMAIL_INSTITUCIONAL, FECHA_INGRESO, ESTADO_ESTUDIANTE, IRA) VALUES (54, 'EST054', '1710000054', 'Alicia', 'Aguilar', 'alicia.aguilar@epn.edu.ec', '2022-04-01', 'ACTIVO', 9.2);
INSERT INTO ESTUDIANTE (ID_ESTUDIANTE, NUMERO_UNICO, CEDULA, NOMBRES_ESTUDIANTE, APELLIDOS_ESTUDIANTE, EMAIL_INSTITUCIONAL, FECHA_INGRESO, ESTADO_ESTUDIANTE, IRA) VALUES (55, 'EST055', '1710000055', 'Bruno', 'Bautista', 'bruno.bautista@epn.edu.ec', '2021-10-01', 'ACTIVO', 7.7);
INSERT INTO ESTUDIANTE (ID_ESTUDIANTE, NUMERO_UNICO, CEDULA, NOMBRES_ESTUDIANTE, APELLIDOS_ESTUDIANTE, EMAIL_INSTITUCIONAL, FECHA_INGRESO, ESTADO_ESTUDIANTE, IRA) VALUES (56, 'EST056', '1710000056', 'Clara', 'Cardenas', 'clara.cardenas@epn.edu.ec', '2023-04-01', 'ACTIVO', 8.3);
INSERT INTO ESTUDIANTE (ID_ESTUDIANTE, NUMERO_UNICO, CEDULA, NOMBRES_ESTUDIANTE, APELLIDOS_ESTUDIANTE, EMAIL_INSTITUCIONAL, FECHA_INGRESO, ESTADO_ESTUDIANTE, IRA) VALUES (57, 'EST057', '1710000057', 'David', 'Duran', 'david.duran@epn.edu.ec', '2022-10-01', 'ACTIVO', 7.1);
INSERT INTO ESTUDIANTE (ID_ESTUDIANTE, NUMERO_UNICO, CEDULA, NOMBRES_ESTUDIANTE, APELLIDOS_ESTUDIANTE, EMAIL_INSTITUCIONAL, FECHA_INGRESO, ESTADO_ESTUDIANTE, IRA) VALUES (58, 'EST058', '1710000058', 'Elsa', 'Escobar', 'elsa.escobar@epn.edu.ec', '2023-10-01', 'ACTIVO', 8.9);
INSERT INTO ESTUDIANTE (ID_ESTUDIANTE, NUMERO_UNICO, CEDULA, NOMBRES_ESTUDIANTE, APELLIDOS_ESTUDIANTE, EMAIL_INSTITUCIONAL, FECHA_INGRESO, ESTADO_ESTUDIANTE, IRA) VALUES (59, 'EST059', '1710000059', 'Felipe', 'Fernandez', 'felipe.fernandez@epn.edu.ec', '2022-04-01', 'ACTIVO', 6.8);
INSERT INTO ESTUDIANTE (ID_ESTUDIANTE, NUMERO_UNICO, CEDULA, NOMBRES_ESTUDIANTE, APELLIDOS_ESTUDIANTE, EMAIL_INSTITUCIONAL, FECHA_INGRESO, ESTADO_ESTUDIANTE, IRA) VALUES (60, 'EST060', '1710000060', 'Gina', 'Guerra', 'gina.guerra@epn.edu.ec', '2021-10-01', 'SUSPENDIDO', 5.8);
INSERT INTO ESTUDIANTE (ID_ESTUDIANTE, NUMERO_UNICO, CEDULA, NOMBRES_ESTUDIANTE, APELLIDOS_ESTUDIANTE, EMAIL_INSTITUCIONAL, FECHA_INGRESO, ESTADO_ESTUDIANTE, IRA) VALUES (61, 'EST061', '1710000061', 'Hector', 'Herrera', 'hector.herrera@epn.edu.ec', '2023-04-01', 'ACTIVO', 8.1);
INSERT INTO ESTUDIANTE (ID_ESTUDIANTE, NUMERO_UNICO, CEDULA, NOMBRES_ESTUDIANTE, APELLIDOS_ESTUDIANTE, EMAIL_INSTITUCIONAL, FECHA_INGRESO, ESTADO_ESTUDIANTE, IRA) VALUES (62, 'EST062', '1710000062', 'Ines', 'Izquierdo', 'ines.izquierdo@epn.edu.ec', '2022-10-01', 'ACTIVO', 9.4);
INSERT INTO ESTUDIANTE (ID_ESTUDIANTE, NUMERO_UNICO, CEDULA, NOMBRES_ESTUDIANTE, APELLIDOS_ESTUDIANTE, EMAIL_INSTITUCIONAL, FECHA_INGRESO, ESTADO_ESTUDIANTE, IRA) VALUES (63, 'EST063', '1710000063', 'Julio', 'Jaime', 'julio.jaime@epn.edu.ec', '2023-10-01', 'ACTIVO', 7.5);
INSERT INTO ESTUDIANTE (ID_ESTUDIANTE, NUMERO_UNICO, CEDULA, NOMBRES_ESTUDIANTE, APELLIDOS_ESTUDIANTE, EMAIL_INSTITUCIONAL, FECHA_INGRESO, ESTADO_ESTUDIANTE, IRA) VALUES (64, 'EST064', '1710000064', 'Karla', 'Klinger', 'karla.klinger@epn.edu.ec', '2022-04-01', 'ACTIVO', 8.7);
INSERT INTO ESTUDIANTE (ID_ESTUDIANTE, NUMERO_UNICO, CEDULA, NOMBRES_ESTUDIANTE, APELLIDOS_ESTUDIANTE, EMAIL_INSTITUCIONAL, FECHA_INGRESO, ESTADO_ESTUDIANTE, IRA) VALUES (65, 'EST065', '1710000065', 'Leonardo', 'Leon', 'leonardo.leon@epn.edu.ec', '2021-10-01', 'ACTIVO', 6.6);
INSERT INTO ESTUDIANTE (ID_ESTUDIANTE, NUMERO_UNICO, CEDULA, NOMBRES_ESTUDIANTE, APELLIDOS_ESTUDIANTE, EMAIL_INSTITUCIONAL, FECHA_INGRESO, ESTADO_ESTUDIANTE, IRA) VALUES (66, 'EST066', '1710000066', 'Marta', 'Moncayo', 'marta.moncayo@epn.edu.ec', '2023-04-01', 'ACTIVO', 9.0);
INSERT INTO ESTUDIANTE (ID_ESTUDIANTE, NUMERO_UNICO, CEDULA, NOMBRES_ESTUDIANTE, APELLIDOS_ESTUDIANTE, EMAIL_INSTITUCIONAL, FECHA_INGRESO, ESTADO_ESTUDIANTE, IRA) VALUES (67, 'EST067', '1710000067', 'Nestor', 'Nieto', 'nestor.nieto@epn.edu.ec', '2022-10-01', 'ACTIVO', 8.2);
INSERT INTO ESTUDIANTE (ID_ESTUDIANTE, NUMERO_UNICO, CEDULA, NOMBRES_ESTUDIANTE, APELLIDOS_ESTUDIANTE, EMAIL_INSTITUCIONAL, FECHA_INGRESO, ESTADO_ESTUDIANTE, IRA) VALUES (68, 'EST068', '1710000068', 'Olga', 'Ocampo', 'olga.ocampo@epn.edu.ec', '2023-10-01', 'ACTIVO', 7.3);
INSERT INTO ESTUDIANTE (ID_ESTUDIANTE, NUMERO_UNICO, CEDULA, NOMBRES_ESTUDIANTE, APELLIDOS_ESTUDIANTE, EMAIL_INSTITUCIONAL, FECHA_INGRESO, ESTADO_ESTUDIANTE, IRA) VALUES (69, 'EST069', '1710000069', 'Patricio', 'Pazmino', 'patricio.pazmino@epn.edu.ec', '2022-04-01', 'ACTIVO', 8.8);
INSERT INTO ESTUDIANTE (ID_ESTUDIANTE, NUMERO_UNICO, CEDULA, NOMBRES_ESTUDIANTE, APELLIDOS_ESTUDIANTE, EMAIL_INSTITUCIONAL, FECHA_INGRESO, ESTADO_ESTUDIANTE, IRA) VALUES (70, 'EST070', '1710000070', 'Queta', 'Quevedo', 'queta.quevedo@epn.edu.ec', '2021-10-01', 'GRADUADO', 9.6);
INSERT INTO ESTUDIANTE (ID_ESTUDIANTE, NUMERO_UNICO, CEDULA, NOMBRES_ESTUDIANTE, APELLIDOS_ESTUDIANTE, EMAIL_INSTITUCIONAL, FECHA_INGRESO, ESTADO_ESTUDIANTE, IRA) VALUES (71, 'EST071', '1710000071', 'Ramiro', 'Rivadeneira', 'ramiro.rivadeneira@epn.edu.ec', '2023-04-01', 'ACTIVO', 7.9);
INSERT INTO ESTUDIANTE (ID_ESTUDIANTE, NUMERO_UNICO, CEDULA, NOMBRES_ESTUDIANTE, APELLIDOS_ESTUDIANTE, EMAIL_INSTITUCIONAL, FECHA_INGRESO, ESTADO_ESTUDIANTE, IRA) VALUES (72, 'EST072', '1710000072', 'Sara', 'Soria', 'sara.soria@epn.edu.ec', '2022-10-01', 'ACTIVO', 8.5);
INSERT INTO ESTUDIANTE (ID_ESTUDIANTE, NUMERO_UNICO, CEDULA, NOMBRES_ESTUDIANTE, APELLIDOS_ESTUDIANTE, EMAIL_INSTITUCIONAL, FECHA_INGRESO, ESTADO_ESTUDIANTE, IRA) VALUES (73, 'EST073', '1710000073', 'Tomas', 'Tello', 'tomas.tello@epn.edu.ec', '2023-10-01', 'ACTIVO', 6.7);
INSERT INTO ESTUDIANTE (ID_ESTUDIANTE, NUMERO_UNICO, CEDULA, NOMBRES_ESTUDIANTE, APELLIDOS_ESTUDIANTE, EMAIL_INSTITUCIONAL, FECHA_INGRESO, ESTADO_ESTUDIANTE, IRA) VALUES (74, 'EST074', '1710000074', 'Ursula', 'Urrutia', 'ursula.urrutia@epn.edu.ec', '2022-04-01', 'ACTIVO', 9.2);
INSERT INTO ESTUDIANTE (ID_ESTUDIANTE, NUMERO_UNICO, CEDULA, NOMBRES_ESTUDIANTE, APELLIDOS_ESTUDIANTE, EMAIL_INSTITUCIONAL, FECHA_INGRESO, ESTADO_ESTUDIANTE, IRA) VALUES (75, 'EST075', '1710000075', 'Vicente', 'Vaca', 'vicente.vaca@epn.edu.ec', '2021-10-01', 'ACTIVO', 7.4);
INSERT INTO ESTUDIANTE (ID_ESTUDIANTE, NUMERO_UNICO, CEDULA, NOMBRES_ESTUDIANTE, APELLIDOS_ESTUDIANTE, EMAIL_INSTITUCIONAL, FECHA_INGRESO, ESTADO_ESTUDIANTE, IRA) VALUES (76, 'EST076', '1710000076', 'Wendy', 'Wolff', 'wendy.wolff@epn.edu.ec', '2023-04-01', 'ACTIVO', 8.6);
INSERT INTO ESTUDIANTE (ID_ESTUDIANTE, NUMERO_UNICO, CEDULA, NOMBRES_ESTUDIANTE, APELLIDOS_ESTUDIANTE, EMAIL_INSTITUCIONAL, FECHA_INGRESO, ESTADO_ESTUDIANTE, IRA) VALUES (77, 'EST077', '1710000077', 'Xavier', 'Ximenez', 'xavier.ximenez@epn.edu.ec', '2022-10-01', 'ACTIVO', 7.0);
INSERT INTO ESTUDIANTE (ID_ESTUDIANTE, NUMERO_UNICO, CEDULA, NOMBRES_ESTUDIANTE, APELLIDOS_ESTUDIANTE, EMAIL_INSTITUCIONAL, FECHA_INGRESO, ESTADO_ESTUDIANTE, IRA) VALUES (78, 'EST078', '1710000078', 'Yolanda', 'Yepez', 'yolanda.yepez@epn.edu.ec', '2023-10-01', 'ACTIVO', 8.3);
INSERT INTO ESTUDIANTE (ID_ESTUDIANTE, NUMERO_UNICO, CEDULA, NOMBRES_ESTUDIANTE, APELLIDOS_ESTUDIANTE, EMAIL_INSTITUCIONAL, FECHA_INGRESO, ESTADO_ESTUDIANTE, IRA) VALUES (79, 'EST079', '1710000079', 'Zacarias', 'Zamora', 'zacarias.zamora@epn.edu.ec', '2022-04-01', 'ACTIVO', 6.9);
INSERT INTO ESTUDIANTE (ID_ESTUDIANTE, NUMERO_UNICO, CEDULA, NOMBRES_ESTUDIANTE, APELLIDOS_ESTUDIANTE, EMAIL_INSTITUCIONAL, FECHA_INGRESO, ESTADO_ESTUDIANTE, IRA) VALUES (80, 'EST080', '1710000080', 'Amalia', 'Alvarez', 'amalia.alvarez@epn.edu.ec', '2021-10-01', 'GRADUADO', 9.1);
INSERT INTO ESTUDIANTE (ID_ESTUDIANTE, NUMERO_UNICO, CEDULA, NOMBRES_ESTUDIANTE, APELLIDOS_ESTUDIANTE, EMAIL_INSTITUCIONAL, FECHA_INGRESO, ESTADO_ESTUDIANTE, IRA) VALUES (81, 'EST081', '1710000081', 'Bernardo', 'Bravo', 'bernardo.bravo@epn.edu.ec', '2023-04-01', 'ACTIVO', 7.6);
INSERT INTO ESTUDIANTE (ID_ESTUDIANTE, NUMERO_UNICO, CEDULA, NOMBRES_ESTUDIANTE, APELLIDOS_ESTUDIANTE, EMAIL_INSTITUCIONAL, FECHA_INGRESO, ESTADO_ESTUDIANTE, IRA) VALUES (82, 'EST082', '1710000082', 'Cecibel', 'Calle', 'cecibel.calle@epn.edu.ec', '2022-10-01', 'ACTIVO', 8.4);
INSERT INTO ESTUDIANTE (ID_ESTUDIANTE, NUMERO_UNICO, CEDULA, NOMBRES_ESTUDIANTE, APELLIDOS_ESTUDIANTE, EMAIL_INSTITUCIONAL, FECHA_INGRESO, ESTADO_ESTUDIANTE, IRA) VALUES (83, 'EST083', '1710000083', 'Dario', 'Dominguez', 'dario.dominguez@epn.edu.ec', '2023-10-01', 'ACTIVO', 6.5);
INSERT INTO ESTUDIANTE (ID_ESTUDIANTE, NUMERO_UNICO, CEDULA, NOMBRES_ESTUDIANTE, APELLIDOS_ESTUDIANTE, EMAIL_INSTITUCIONAL, FECHA_INGRESO, ESTADO_ESTUDIANTE, IRA) VALUES (84, 'EST084', '1710000084', 'Esther', 'Enriquez', 'esther.enriquez@epn.edu.ec', '2022-04-01', 'ACTIVO', 9.3);
INSERT INTO ESTUDIANTE (ID_ESTUDIANTE, NUMERO_UNICO, CEDULA, NOMBRES_ESTUDIANTE, APELLIDOS_ESTUDIANTE, EMAIL_INSTITUCIONAL, FECHA_INGRESO, ESTADO_ESTUDIANTE, IRA) VALUES (85, 'EST085', '1710000085', 'Fabian', 'Falcon', 'fabian.falcon@epn.edu.ec', '2021-10-01', 'ACTIVO', 7.8);
INSERT INTO ESTUDIANTE (ID_ESTUDIANTE, NUMERO_UNICO, CEDULA, NOMBRES_ESTUDIANTE, APELLIDOS_ESTUDIANTE, EMAIL_INSTITUCIONAL, FECHA_INGRESO, ESTADO_ESTUDIANTE, IRA) VALUES (86, 'EST086', '1710000086', 'Graciela', 'Gomez', 'graciela.gomez@epn.edu.ec', '2023-04-01', 'ACTIVO', 8.0);
INSERT INTO ESTUDIANTE (ID_ESTUDIANTE, NUMERO_UNICO, CEDULA, NOMBRES_ESTUDIANTE, APELLIDOS_ESTUDIANTE, EMAIL_INSTITUCIONAL, FECHA_INGRESO, ESTADO_ESTUDIANTE, IRA) VALUES (87, 'EST087', '1710000087', 'Homero', 'Haro', 'homero.haro@epn.edu.ec', '2022-10-01', 'ACTIVO', 7.2);
INSERT INTO ESTUDIANTE (ID_ESTUDIANTE, NUMERO_UNICO, CEDULA, NOMBRES_ESTUDIANTE, APELLIDOS_ESTUDIANTE, EMAIL_INSTITUCIONAL, FECHA_INGRESO, ESTADO_ESTUDIANTE, IRA) VALUES (88, 'EST088', '1710000088', 'Ivan', 'Iturralde', 'ivan.iturralde@epn.edu.ec', '2023-10-01', 'ACTIVO', 8.9);
INSERT INTO ESTUDIANTE (ID_ESTUDIANTE, NUMERO_UNICO, CEDULA, NOMBRES_ESTUDIANTE, APELLIDOS_ESTUDIANTE, EMAIL_INSTITUCIONAL, FECHA_INGRESO, ESTADO_ESTUDIANTE, IRA) VALUES (89, 'EST089', '1710000089', 'Jessica', 'Jara', 'jessica.jara@epn.edu.ec', '2022-04-01', 'ACTIVO', 6.6);
INSERT INTO ESTUDIANTE (ID_ESTUDIANTE, NUMERO_UNICO, CEDULA, NOMBRES_ESTUDIANTE, APELLIDOS_ESTUDIANTE, EMAIL_INSTITUCIONAL, FECHA_INGRESO, ESTADO_ESTUDIANTE, IRA) VALUES (90, 'EST090', '1710000090', 'Kevin', 'Lara', 'kevin.lara@epn.edu.ec', '2021-10-01', 'SUSPENDIDO', 5.9);
INSERT INTO ESTUDIANTE (ID_ESTUDIANTE, NUMERO_UNICO, CEDULA, NOMBRES_ESTUDIANTE, APELLIDOS_ESTUDIANTE, EMAIL_INSTITUCIONAL, FECHA_INGRESO, ESTADO_ESTUDIANTE, IRA) VALUES (91, 'EST091', '1710000091', 'Lorena', 'Lopez', 'lorena.lopez@epn.edu.ec', '2023-04-01', 'ACTIVO', 9.5);
INSERT INTO ESTUDIANTE (ID_ESTUDIANTE, NUMERO_UNICO, CEDULA, NOMBRES_ESTUDIANTE, APELLIDOS_ESTUDIANTE, EMAIL_INSTITUCIONAL, FECHA_INGRESO, ESTADO_ESTUDIANTE, IRA) VALUES (92, 'EST092', '1710000092', 'Mario', 'Morales', 'mario.morales@epn.edu.ec', '2022-10-01', 'ACTIVO', 8.1);
INSERT INTO ESTUDIANTE (ID_ESTUDIANTE, NUMERO_UNICO, CEDULA, NOMBRES_ESTUDIANTE, APELLIDOS_ESTUDIANTE, EMAIL_INSTITUCIONAL, FECHA_INGRESO, ESTADO_ESTUDIANTE, IRA) VALUES (93, 'EST093', '1710000093', 'Nancy', 'Noboa', 'nancy.noboa@epn.edu.ec', '2023-10-01', 'ACTIVO', 7.4);
INSERT INTO ESTUDIANTE (ID_ESTUDIANTE, NUMERO_UNICO, CEDULA, NOMBRES_ESTUDIANTE, APELLIDOS_ESTUDIANTE, EMAIL_INSTITUCIONAL, FECHA_INGRESO, ESTADO_ESTUDIANTE, IRA) VALUES (94, 'EST094', '1710000094', 'Omar', 'Orozco', 'omar.orozco@epn.edu.ec', '2022-04-01', 'ACTIVO', 8.7);
INSERT INTO ESTUDIANTE (ID_ESTUDIANTE, NUMERO_UNICO, CEDULA, NOMBRES_ESTUDIANTE, APELLIDOS_ESTUDIANTE, EMAIL_INSTITUCIONAL, FECHA_INGRESO, ESTADO_ESTUDIANTE, IRA) VALUES (95, 'EST095', '1710000095', 'Pilar', 'Perez', 'pilar.perez@epn.edu.ec', '2021-10-01', 'ACTIVO', 7.1);
INSERT INTO ESTUDIANTE (ID_ESTUDIANTE, NUMERO_UNICO, CEDULA, NOMBRES_ESTUDIANTE, APELLIDOS_ESTUDIANTE, EMAIL_INSTITUCIONAL, FECHA_INGRESO, ESTADO_ESTUDIANTE, IRA) VALUES (96, 'EST096', '1710000096', 'Quentin', 'Quezada', 'quentin.quezada@epn.edu.ec', '2023-04-01', 'ACTIVO', 8.8);
INSERT INTO ESTUDIANTE (ID_ESTUDIANTE, NUMERO_UNICO, CEDULA, NOMBRES_ESTUDIANTE, APELLIDOS_ESTUDIANTE, EMAIL_INSTITUCIONAL, FECHA_INGRESO, ESTADO_ESTUDIANTE, IRA) VALUES (97, 'EST097', '1710000097', 'Rosa', 'Romero', 'rosa.romero@epn.edu.ec', '2022-10-01', 'ACTIVO', 7.5);
INSERT INTO ESTUDIANTE (ID_ESTUDIANTE, NUMERO_UNICO, CEDULA, NOMBRES_ESTUDIANTE, APELLIDOS_ESTUDIANTE, EMAIL_INSTITUCIONAL, FECHA_INGRESO, ESTADO_ESTUDIANTE, IRA) VALUES (98, 'EST098', '1710000098', 'Sergio', 'Suarez', 'sergio.suarez@epn.edu.ec', '2023-10-01', 'ACTIVO', 9.0);
INSERT INTO ESTUDIANTE (ID_ESTUDIANTE, NUMERO_UNICO, CEDULA, NOMBRES_ESTUDIANTE, APELLIDOS_ESTUDIANTE, EMAIL_INSTITUCIONAL, FECHA_INGRESO, ESTADO_ESTUDIANTE, IRA) VALUES (99, 'EST099', '1710000099', 'Tania', 'Torres', 'tania.torres@epn.edu.ec', '2022-04-01', 'ACTIVO', 6.8);
INSERT INTO ESTUDIANTE (ID_ESTUDIANTE, NUMERO_UNICO, CEDULA, NOMBRES_ESTUDIANTE, APELLIDOS_ESTUDIANTE, EMAIL_INSTITUCIONAL, FECHA_INGRESO, ESTADO_ESTUDIANTE, IRA) VALUES (100, 'EST100', '1710000100', 'Ulises', 'Ulloa', 'ulises.ulloa@epn.edu.ec', '2021-10-01', 'GRADUADO', 9.8);
INSERT INTO ESTUDIANTE (ID_ESTUDIANTE, NUMERO_UNICO, CEDULA, NOMBRES_ESTUDIANTE, APELLIDOS_ESTUDIANTE, EMAIL_INSTITUCIONAL, FECHA_INGRESO, ESTADO_ESTUDIANTE, IRA) VALUES (101, 'EST101', '1710000101', 'Veronica', 'Vela', 'veronica.vela@epn.edu.ec', '2023-04-01', 'ACTIVO', 7.7);
INSERT INTO ESTUDIANTE (ID_ESTUDIANTE, NUMERO_UNICO, CEDULA, NOMBRES_ESTUDIANTE, APELLIDOS_ESTUDIANTE, EMAIL_INSTITUCIONAL, FECHA_INGRESO, ESTADO_ESTUDIANTE, IRA) VALUES (102, 'EST102', '1710000102', 'Walter', 'Wong', 'walter.wong@epn.edu.ec', '2022-10-01', 'ACTIVO', 8.3);
INSERT INTO ESTUDIANTE (ID_ESTUDIANTE, NUMERO_UNICO, CEDULA, NOMBRES_ESTUDIANTE, APELLIDOS_ESTUDIANTE, EMAIL_INSTITUCIONAL, FECHA_INGRESO, ESTADO_ESTUDIANTE, IRA) VALUES (103, 'EST103', '1710000103', 'Xavier', 'Xavier', 'xavier.xavier@epn.edu.ec', '2023-10-01', 'ACTIVO', 6.9);
INSERT INTO ESTUDIANTE (ID_ESTUDIANTE, NUMERO_UNICO, CEDULA, NOMBRES_ESTUDIANTE, APELLIDOS_ESTUDIANTE, EMAIL_INSTITUCIONAL, FECHA_INGRESO, ESTADO_ESTUDIANTE, IRA) VALUES (104, 'EST104', '1710000104', 'Yessenia', 'Yanez', 'yessenia.yanez@epn.edu.ec', '2022-04-01', 'ACTIVO', 9.1);
INSERT INTO ESTUDIANTE (ID_ESTUDIANTE, NUMERO_UNICO, CEDULA, NOMBRES_ESTUDIANTE, APELLIDOS_ESTUDIANTE, EMAIL_INSTITUCIONAL, FECHA_INGRESO, ESTADO_ESTUDIANTE, IRA) VALUES (105, 'EST105', '1710000105', 'Zoila', 'Zambrano', 'zoila.zambrano@epn.edu.ec', '2021-10-01', 'ACTIVO', 7.6);
INSERT INTO ESTUDIANTE (ID_ESTUDIANTE, NUMERO_UNICO, CEDULA, NOMBRES_ESTUDIANTE, APELLIDOS_ESTUDIANTE, EMAIL_INSTITUCIONAL, FECHA_INGRESO, ESTADO_ESTUDIANTE, IRA) VALUES (106, 'EST106', '1710000106', 'Arturo', 'Arce', 'arturo.arce@epn.edu.ec', '2023-04-01', 'ACTIVO', 8.5);
INSERT INTO ESTUDIANTE (ID_ESTUDIANTE, NUMERO_UNICO, CEDULA, NOMBRES_ESTUDIANTE, APELLIDOS_ESTUDIANTE, EMAIL_INSTITUCIONAL, FECHA_INGRESO, ESTADO_ESTUDIANTE, IRA) VALUES (107, 'EST107', '1710000107', 'Belen', 'Benavides', 'belen.benavides@epn.edu.ec', '2022-10-01', 'ACTIVO', 7.3);
INSERT INTO ESTUDIANTE (ID_ESTUDIANTE, NUMERO_UNICO, CEDULA, NOMBRES_ESTUDIANTE, APELLIDOS_ESTUDIANTE, EMAIL_INSTITUCIONAL, FECHA_INGRESO, ESTADO_ESTUDIANTE, IRA) VALUES (108, 'EST108', '1710000108', 'Cesar', 'Carrera', 'cesar.carrera@epn.edu.ec', '2023-10-01', 'ACTIVO', 9.2);
INSERT INTO ESTUDIANTE (ID_ESTUDIANTE, NUMERO_UNICO, CEDULA, NOMBRES_ESTUDIANTE, APELLIDOS_ESTUDIANTE, EMAIL_INSTITUCIONAL, FECHA_INGRESO, ESTADO_ESTUDIANTE, IRA) VALUES (109, 'EST109', '1710000109', 'Dolores', 'Diaz', 'dolores.diaz@epn.edu.ec', '2022-04-01', 'ACTIVO', 8.0);
INSERT INTO ESTUDIANTE (ID_ESTUDIANTE, NUMERO_UNICO, CEDULA, NOMBRES_ESTUDIANTE, APELLIDOS_ESTUDIANTE, EMAIL_INSTITUCIONAL, FECHA_INGRESO, ESTADO_ESTUDIANTE, IRA) VALUES (110, 'EST110', '1710000110', 'Edison', 'Egas', 'edison.egas@epn.edu.ec', '2021-10-01', 'GRADUADO', 9.7);
INSERT INTO ESTUDIANTE (ID_ESTUDIANTE, NUMERO_UNICO, CEDULA, NOMBRES_ESTUDIANTE, APELLIDOS_ESTUDIANTE, EMAIL_INSTITUCIONAL, FECHA_INGRESO, ESTADO_ESTUDIANTE, IRA) VALUES (111, 'EST111', '1710000111', 'Fanny', 'Freire', 'fanny.freire@epn.edu.ec', '2023-04-01', 'ACTIVO', 7.0);
INSERT INTO ESTUDIANTE (ID_ESTUDIANTE, NUMERO_UNICO, CEDULA, NOMBRES_ESTUDIANTE, APELLIDOS_ESTUDIANTE, EMAIL_INSTITUCIONAL, FECHA_INGRESO, ESTADO_ESTUDIANTE, IRA) VALUES (112, 'EST112', '1710000112', 'Galo', 'Galarza', 'galo.galarza@epn.edu.ec', '2022-10-01', 'ACTIVO', 8.6);
INSERT INTO ESTUDIANTE (ID_ESTUDIANTE, NUMERO_UNICO, CEDULA, NOMBRES_ESTUDIANTE, APELLIDOS_ESTUDIANTE, EMAIL_INSTITUCIONAL, FECHA_INGRESO, ESTADO_ESTUDIANTE, IRA) VALUES (113, 'EST113', '1710000113', 'Hilda', 'Herrera', 'hilda.herrera@epn.edu.ec', '2023-10-01', 'ACTIVO', 6.8);
INSERT INTO ESTUDIANTE (ID_ESTUDIANTE, NUMERO_UNICO, CEDULA, NOMBRES_ESTUDIANTE, APELLIDOS_ESTUDIANTE, EMAIL_INSTITUCIONAL, FECHA_INGRESO, ESTADO_ESTUDIANTE, IRA) VALUES (114, 'EST114', '1710000114', 'Ignacio', 'Ibarra', 'ignacio.ibarra@epn.edu.ec', '2022-04-01', 'ACTIVO', 9.3);
INSERT INTO ESTUDIANTE (ID_ESTUDIANTE, NUMERO_UNICO, CEDULA, NOMBRES_ESTUDIANTE, APELLIDOS_ESTUDIANTE, EMAIL_INSTITUCIONAL, FECHA_INGRESO, ESTADO_ESTUDIANTE, IRA) VALUES (115, 'EST115', '1710000115', 'Julia', 'Jimenez', 'julia.jimenez@epn.edu.ec', '2021-10-01', 'ACTIVO', 7.5);
INSERT INTO ESTUDIANTE (ID_ESTUDIANTE, NUMERO_UNICO, CEDULA, NOMBRES_ESTUDIANTE, APELLIDOS_ESTUDIANTE, EMAIL_INSTITUCIONAL, FECHA_INGRESO, ESTADO_ESTUDIANTE, IRA) VALUES (116, 'EST116', '1710000116', 'Kleber', 'Klara', 'kleber.klara@epn.edu.ec', '2023-04-01', 'ACTIVO', 8.2);
INSERT INTO ESTUDIANTE (ID_ESTUDIANTE, NUMERO_UNICO, CEDULA, NOMBRES_ESTUDIANTE, APELLIDOS_ESTUDIANTE, EMAIL_INSTITUCIONAL, FECHA_INGRESO, ESTADO_ESTUDIANTE, IRA) VALUES (117, 'EST117', '1710000117', 'Laura', 'Laso', 'laura.laso@epn.edu.ec', '2022-10-01', 'ACTIVO', 7.9);
INSERT INTO ESTUDIANTE (ID_ESTUDIANTE, NUMERO_UNICO, CEDULA, NOMBRES_ESTUDIANTE, APELLIDOS_ESTUDIANTE, EMAIL_INSTITUCIONAL, FECHA_INGRESO, ESTADO_ESTUDIANTE, IRA) VALUES (118, 'EST118', '1710000118', 'Mauro', 'Molina', 'mauro.molina@epn.edu.ec', '2023-10-01', 'ACTIVO', 8.7);
INSERT INTO ESTUDIANTE (ID_ESTUDIANTE, NUMERO_UNICO, CEDULA, NOMBRES_ESTUDIANTE, APELLIDOS_ESTUDIANTE, EMAIL_INSTITUCIONAL, FECHA_INGRESO, ESTADO_ESTUDIANTE, IRA) VALUES (119, 'EST119', '1710000119', 'Nora', 'Narvaez', 'nora.narvaez@epn.edu.ec', '2022-04-01', 'ACTIVO', 6.6);
INSERT INTO ESTUDIANTE (ID_ESTUDIANTE, NUMERO_UNICO, CEDULA, NOMBRES_ESTUDIANTE, APELLIDOS_ESTUDIANTE, EMAIL_INSTITUCIONAL, FECHA_INGRESO, ESTADO_ESTUDIANTE, IRA) VALUES (120, 'EST120', '1710000120', 'Oswaldo', 'Ortiz', 'oswaldo.ortiz@epn.edu.ec', '2021-10-01', 'SUSPENDIDO', 5.7);
INSERT INTO ESTUDIANTE (ID_ESTUDIANTE, NUMERO_UNICO, CEDULA, NOMBRES_ESTUDIANTE, APELLIDOS_ESTUDIANTE, EMAIL_INSTITUCIONAL, FECHA_INGRESO, ESTADO_ESTUDIANTE, IRA) VALUES (121, 'EST121', '1710000121', 'Patricia', 'Paz', 'patricia.paz@epn.edu.ec', '2023-04-01', 'ACTIVO', 9.5);
INSERT INTO ESTUDIANTE (ID_ESTUDIANTE, NUMERO_UNICO, CEDULA, NOMBRES_ESTUDIANTE, APELLIDOS_ESTUDIANTE, EMAIL_INSTITUCIONAL, FECHA_INGRESO, ESTADO_ESTUDIANTE, IRA) VALUES (122, 'EST122', '1710000122', 'Quito', 'Quezada', 'quito.quezada@epn.edu.ec', '2022-10-01', 'ACTIVO', 8.1);
INSERT INTO ESTUDIANTE (ID_ESTUDIANTE, NUMERO_UNICO, CEDULA, NOMBRES_ESTUDIANTE, APELLIDOS_ESTUDIANTE, EMAIL_INSTITUCIONAL, FECHA_INGRESO, ESTADO_ESTUDIANTE, IRA) VALUES (123, 'EST123', '1710000123', 'Rita', 'Robles', 'rita.robles@epn.edu.ec', '2023-10-01', 'ACTIVO', 7.4);
INSERT INTO ESTUDIANTE (ID_ESTUDIANTE, NUMERO_UNICO, CEDULA, NOMBRES_ESTUDIANTE, APELLIDOS_ESTUDIANTE, EMAIL_INSTITUCIONAL, FECHA_INGRESO, ESTADO_ESTUDIANTE, IRA) VALUES (124, 'EST124', '1710000124', 'Simon', 'Salinas', 'simon.salinas@epn.edu.ec', '2022-04-01', 'ACTIVO', 8.9);
INSERT INTO ESTUDIANTE (ID_ESTUDIANTE, NUMERO_UNICO, CEDULA, NOMBRES_ESTUDIANTE, APELLIDOS_ESTUDIANTE, EMAIL_INSTITUCIONAL, FECHA_INGRESO, ESTADO_ESTUDIANTE, IRA) VALUES (125, 'EST125', '1710000125', 'Teresa', 'Torres', 'teresa.torres@epn.edu.ec', '2021-10-01', 'ACTIVO', 7.2);

PRINT '>>> FASE 1 COMPLETADA CON ÉXITO.';
GO